split,layer,head,group,attention_mass,distance_expected,uniform_expected,distance_enrichment,uniform_enrichment
all,1,1,initial,0.09679245659970552,0.04107982889102888,0.029359143063538897,2.35620398654687,3.2968420226103947
all,1,1,boundary,0.008769806233941076,0.010299902703974465,0.009401445627791329,0.8514455413794381,0.9328146522505983
all,1,1,period,0.015289995523395024,0.024049206599853778,0.02418337106045422,0.6357796237439279,0.6322524467400634
all,1,1,comma,0.02185324749250401,0.03458902779003628,0.03611923967676393,0.6317971012414249,0.6050306619981967
all,1,1,newline,0.019342920175003057,0.02485034362396046,0.024176513174693475,0.7783763664480197,0.8000707147153903
all,1,1,punct,0.037143243015813954,0.05863823414133974,0.06030261073721817,0.6334304495985513,0.6159475114215829
all,1,1,the,0.021145870404402047,0.03527733287751212,0.03666271952660974,0.5994180591209516,0.5767676451021155
all,1,2,initial,0.0014616470162201053,0.001813742577142832,0.029359143063538897,0.8058734655292821,0.049785070805943375
all,1,2,boundary,0.0053391684303398515,0.005258342884962423,0.009401445627791329,1.0153709157325153,0.5679093026456375
all,1,2,period,0.01116379027787106,0.004759954452727498,0.02418337106045422,2.3453565341311413,0.4616308557629756
all,1,2,comma,0.016349332281815315,0.007194896543291098,0.03611923967676393,2.2723512677969353,0.4526488494256178
all,1,2,newline,0.01090526404745994,0.008405219423364614,0.024176513174693475,1.2974395429994088,0.4510685212818413
all,1,2,punct,0.027513122549243978,0.011954850935919505,0.06030261073721817,2.301419122389736,0.4562509352893266
all,1,2,the,0.01634132421186462,0.007050838259302128,0.03666271952660974,2.317642755498697,0.4457204599894483
all,1,3,initial,0.12021066602087806,0.0448842515785198,0.029359143063538897,2.678237060733505,4.0944882403658305
all,1,3,boundary,0.008388497869017695,0.009639788838395716,0.009401445627791329,0.8701951888827614,0.8922561700746011
all,1,3,period,0.03298463927061958,0.02457424944185166,0.02418337106045422,1.3422440163907687,1.363938848234339
all,1,3,comma,0.03228128381311031,0.034229405905887605,0.03611923967676393,0.9430863013476313,0.8937420638418744
all,1,3,newline,0.019323681807326104,0.023801942112228393,0.024176513174693475,0.8118531553523292,0.7992749685489376
all,1,3,punct,0.06526592309558839,0.05880365510332202,0.06030261073721817,1.1098956855813082,1.0823067574967682
all,1,3,the,0.021336385073676897,0.0347137003513072,0.03666271952660974,0.6146387408357473,0.581964059108899
all,1,4,initial,0.0028952416850109132,0.002582651059590441,0.029359143063538897,1.1210347887530896,0.09861465229911673
all,1,4,boundary,0.002767188056622504,0.0030016763923693445,0.009401445627791329,0.9218808741865243,0.2943364420938098
all,1,4,period,0.0029249032007931963,0.002952891390361037,0.02418337106045422,0.9905217680341373,0.12094687682215383
all,1,4,comma,0.0088986916665236,0.007002538909415876,0.03611923967676393,1.2707807527578443,0.24636985014521964
all,1,4,newline,0.0038539232326124965,0.004082823670684514,0.024176513174693475,0.9439357521816167,0.1594077361265872
all,1,4,punct,0.011823594865404201,0.009955430295817047,0.06030261073721817,1.187652820026483,0.1960710277856477
all,1,4,the,0.0034066517196283154,0.0032786395188867255,0.03666271952660974,1.0390443048112399,0.0929186858916937
all,1,5,initial,0.014307239163505386,0.010275129348157452,0.029359143063538897,1.3924145067887614,0.48731800967561406
all,1,5,boundary,0.004371582299550993,0.005328556693925395,0.009401445627791329,0.8204064535026225,0.4649904357930115
all,1,5,period,0.006227394608213923,0.009244216756937386,0.02418337106045422,0.6736530278285103,0.25750730089062107
all,1,5,comma,0.011134611019992663,0.013263867282856074,0.03611923967676393,0.839469423399951,0.30827368238196146
all,1,5,newline,0.007712474205489975,0.00974787647488402,0.024176513174693475,0.7911953157553464,0.3190068869634572
all,1,5,punct,0.017362005628774962,0.022508084026380333,0.06030261073721817,0.7713675499178886,0.2879146593575145
all,1,5,the,0.009564420491781076,0.012349922233802244,0.03666271952660974,0.7744518799966906,0.26087591469692356
all,1,6,initial,0.015843491234731794,0.010802589243488231,0.029359143063538897,1.4666383102812324,0.5396441987575522
all,1,6,boundary,0.004959483263159157,0.005809877311997677,0.009401445627791329,0.853629602972439,0.5275234745280639
all,1,6,period,0.006518762999765464,0.00883081192090965,0.02418337106045422,0.7381838791436943,0.2695555960113952
all,1,6,comma,0.00817206175351347,0.013317525893605204,0.03611923967676393,0.613632127979381,0.22625231944654375
all,1,6,newline,0.013081949516244515,0.011378901722342195,0.024176513174693475,1.149667150262703,0.5411015815935739
all,1,6,punct,0.014690824758490444,0.022148337745574332,0.06030261073721817,0.6632924297637621,0.2436183869801082
all,1,6,the,0.034228010542371415,0.014315430040605448,0.03666271952660974,2.3909872386148585,0.9335916970787937
all,1,7,initial,0.052987250419558526,0.034274378411671594,0.029359143063538897,1.5459726149698623,1.8047955386464725
all,1,7,boundary,0.0024668589373652607,0.009272928610929473,0.009401445627791329,0.26602803071919634,0.2623914486164823
all,1,7,period,0.006885601997500785,0.022934533515787777,0.02418337106045422,0.3002285611242471,0.28472465564407784
all,1,7,comma,0.010120187959714429,0.033912931457484204,0.03611923967676393,0.298416784535476,0.28018828885329233
all,1,7,newline,0.0063312227142432315,0.022791756670853886,0.024176513174693475,0.277785640030968,0.2618749307849064
all,1,7,punct,0.017005789953895484,0.05684746474756785,0.06030261073721817,0.2991477285646772,0.28200752415184704
all,1,7,the,0.008741908711296842,0.03412643431412488,0.03666271952660974,0.2561623822409884,0.23844136016565765
all,1,8,initial,0.024908792879224113,0.01767443754049236,0.029359143063538897,1.4093117714302226,0.8484168909602245
all,1,8,boundary,0.011455903396592575,0.010538065303884507,0.009401445627791329,1.0870974003520113,1.218525729992856
all,1,8,period,0.04700894368772607,0.03331334820247629,0.02418337106045422,1.41111434977982,1.94385404624574
all,1,8,comma,0.04633979665996433,0.036876418211492734,0.03611923967676393,1.2566241220662338,1.2829671132245746
all,1,8,newline,0.026566441032301494,0.023182044691205418,0.024176513174693475,1.1459921411669098,1.0988532895682266
all,1,8,punct,0.09334874036629473,0.07018976636636029,0.06030261073721817,1.3299480137753215,1.5480049574152321
all,1,8,the,0.039421221702522664,0.03489655793127961,0.03666271952660974,1.1296593142553857,1.0752399770538246
all,1,9,initial,0.05575694639201809,0.03181554033625346,0.029359143063538897,1.7525066619246967,1.8991339860073304
all,1,9,boundary,0.014151118013208307,0.011510527854894684,0.009401445627791329,1.229406521716617,1.5052066005015883
all,1,9,period,0.046740705381332924,0.02662953268131283,0.02418337106045422,1.7552206394569225,1.9327621969860733
all,1,9,comma,0.0671577111777889,0.03800976465521419,0.03611923967676393,1.766854169894898,1.8593334682233777
all,1,9,newline,0.03133976936673747,0.02515222863660269,0.024176513174693475,1.2460036770312426,1.2962898801942235
all,1,9,punct,0.11389841658841168,0.06463929710457089,0.06030261073721817,1.7620614964941734,1.8887808536971804
all,1,9,the,0.06171151428203175,0.037160321667189605,0.03666271952660974,1.6606829950161441,1.683222496281042
all,1,10,initial,0.09795088867772536,0.04195477101861147,0.029359143063538897,2.334678185569731,3.3362993077059704
all,1,10,boundary,0.014536453069989146,0.011264276595725766,0.009401445627791329,1.2904914884196832,1.5461933882825825
all,1,10,period,0.03283190956410499,0.025813372893134873,0.02418337106045422,1.2718953737671652,1.3576233636754333
all,1,10,comma,0.038904561844991956,0.03607607550780194,0.03611923967676393,1.0784033822242753,1.0771146400963658
all,1,10,newline,0.032073667109367515,0.02620779323662375,0.024176513174693475,1.223821739578843,1.3266456944229785
all,1,10,punct,0.07173647140682958,0.061889448135230465,0.06030261073721817,1.1591066582155176,1.18960805394375
all,1,10,the,0.03409557777495673,0.036476547473565955,0.03666271952660974,0.934726012643201,0.9299795054813166
all,1,11,initial,0.06075158127785617,0.03267164364611732,0.029359143063538897,1.8594589833277595,2.0692559434169424
all,1,11,boundary,0.012323310174109543,0.009891137617063606,0.009401445627791329,1.2458941176644935,1.3107888575860056
all,1,11,period,0.03152896817277923,0.022560803984421042,0.02418337106045422,1.397510842013919,1.3037457885404933
all,1,11,comma,0.03755492843990835,0.031465794633695816,0.03611923967676393,1.1935159711393988,1.0397485876223476
all,1,11,newline,0.026758900243750106,0.022429074496543133,0.024176513174693475,1.1930452256455926,1.10681387553271
all,1,11,punct,0.06908389659960677,0.05402659839163934,0.06030261073721817,1.2787015776713708,1.1456203264673728
all,1,11,the,0.034261401052797735,0.03180488191651469,0.03666271952660974,1.0772371720395382,0.9345024454045443
all,1,12,initial,0.09416973519549546,0.04437942299240429,0.029359143063538897,2.121923379031155,3.207509667148453
all,1,12,boundary,0.01073089411289163,0.008813912430841103,0.009401445627791329,1.2174949770708796,1.1414089425960576
all,1,12,period,0.03420705540730427,0.023595681612241022,0.02418337106045422,1.4497167731555698,1.4144866454636362
all,1,12,comma,0.04052555716846174,0.03585277978287494,0.03611923967676393,1.1303323595516226,1.1219936391554906
all,1,12,newline,0.03156165162007344,0.02459064864490155,0.024176513174693475,1.2834818664540275,1.305467475479892
all,1,12,punct,0.07473261258957889,0.0594484612327556,0.06030261073721817,1.2570991921385821,1.2392931529157605
all,1,12,the,0.02906078150447784,0.03555289343960128,0.03666271952660974,0.8173956798719488,0.7926520967269102
all,2,1,initial,0.03561106672244777,0.016882462588626534,0.029359143063538897,2.109352621722285,1.212946394429105
all,2,1,boundary,0.00830480559727319,0.009301831542370756,0.009401445627791329,0.892814018340795,0.8833541059604285
all,2,1,period,0.021746117608178777,0.020746194132943672,0.02418337106045422,1.048197923379464,0.8992177953113842
all,2,1,comma,0.029641108330146514,0.029747045150325797,0.03611923967676393,0.9964387447679615,0.8206459658455962
all,2,1,newline,0.016476481946161862,0.019782468040408792,0.024176513174693475,0.8328830312024801,0.6815077851428326
all,2,1,punct,0.05138722594020593,0.05049323925324327,0.06030261073721817,1.0177050769604812,0.8521559068833192
all,2,1,the,0.04507181195935568,0.03783743943092152,0.03666271952660974,1.1911961442750822,1.2293635753518677
all,2,2,initial,0.059130222218697216,0.02651179286805876,0.029359143063538897,2.230336609559776,2.0140309303554234
all,2,2,boundary,0.019748488271890064,0.014584164854974156,0.009401445627791329,1.3541048437308727,2.100579959055675
all,2,2,period,0.07132682099459188,0.03751080611530226,0.02418337106045422,1.9015006175912232,2.949415977461837
all,2,2,comma,0.06852244957633444,0.04383888196474576,0.03611923967676393,1.5630519416858908,1.8971177186881927
all,2,2,newline,0.046253448375741746,0.03079559329888161,0.024176513174693475,1.5019502279704906,1.9131562951830905
all,2,2,punct,0.13984927054283666,0.08134968799691948,0.06030261073721817,1.7191125619084417,2.319124642086567
all,2,2,the,0.03437519206046018,0.03475977621366211,0.03666271952660974,0.988935942773683,0.9376061706363796
all,2,3,initial,0.03739368016984657,0.028753289845760775,0.029359143063538897,1.3005009294739778,1.273663883476414
all,2,3,boundary,0.012816339076576486,0.011933197979394116,0.009401445627791329,1.0740070766199765,1.3632306757899544
all,2,3,period,0.030157765126378917,0.026074894716823165,0.02418337106045422,1.1565824312579693,1.2470455442704722
all,2,3,comma,0.039105432594127534,0.03616227216166373,0.03611923967676393,1.081387596976937,1.0826759628410636
all,2,3,newline,0.029929099962887496,0.025876517288053624,0.024176513174693475,1.1566123690340981,1.2379411268542846
all,2,3,punct,0.06926319771659524,0.06223716672906685,0.06030261073721817,1.1128912409865053,1.1485936822607032
all,2,3,the,0.030982826441697853,0.03542283734571163,0.03666271952660974,0.8746568248985482,0.845077147624321
all,2,4,initial,0.44334266176683823,0.06099942364593642,0.029359143063538897,7.267981158972348,15.100667645760588
all,2,4,boundary,0.005838350284350477,0.006500824367325734,0.009401445627791329,0.8980938346365784,0.6210055895118839
all,2,4,period,0.017689684555878323,0.020485092090623568,0.02418337106045422,0.8635394206489919,0.7314813353215807
all,2,4,comma,0.02307583537465305,0.03316099471689364,0.03611923967676393,0.695872834082906,0.6388793225206814
all,2,4,newline,0.01663280351687519,0.022582867862678723,0.024176513174693475,0.7365230854652952,0.687973629476289
all,2,4,punct,0.04076551993881783,0.053646086724692434,0.06030261073721817,0.7598973648911862,0.6760158381278467
all,2,4,the,0.017248829351082875,0.03297652695962351,0.03666271952660974,0.5230638560635071,0.4704732647714173
all,2,5,initial,0.14702172044566514,0.041224353750057,0.029359143063538897,3.566380235747464,5.007697947023915
all,2,5,boundary,0.008289625177347269,0.009138307733766034,0.009401445627791329,0.9071291336269095,0.8817394159939147
all,2,5,period,0.018407495527631844,0.022459655848738186,0.02418337106045422,0.8195804802888822,0.7611633416042911
all,2,5,comma,0.027650026725591016,0.03354462463043424,0.03611923967676393,0.8242759318434824,0.765520730032939
all,2,5,newline,0.02130556167394036,0.023081583411741866,0.024176513174693475,0.9230545969867031,0.8812503904095543
all,2,5,punct,0.04605752225855691,0.05600428039406676,0.06030261073721817,0.8223928945159049,0.7637732710987033
all,2,5,the,0.024063941540895164,0.03352987594714655,0.03666271952660974,0.7176865664169881,0.6563599714262767
all,2,6,initial,0.12180992601577696,0.04345136438716785,0.029359143063538897,2.803362511943356,4.148960538533315
all,2,6,boundary,0.016268124280172144,0.01170288216086281,0.009401445627791329,1.3900955385654123,1.7303854028663883
all,2,6,period,0.04102794371495628,0.02226964129010249,0.02418337106045422,1.8423262045622046,1.6965353429178074
all,2,6,comma,0.07343540047837958,0.035257655677760354,0.03611923967676393,2.082821420390148,2.0331380487397617
all,2,6,newline,0.03518262979563253,0.025445685052735385,0.024176513174693475,1.382656026855541,1.4552400315716163
all,2,6,punct,0.11446334419846281,0.0575272967521466,0.06030261073721817,1.9897222824778686,1.8981490651750037
all,2,6,the,0.037381883510589055,0.03285951707958132,0.03666271952660974,1.1376272944016546,1.019615674812594
all,2,7,initial,0.17033184629904888,0.05119917267153077,0.029359143063538897,3.3268476307579413,5.801662736899971
all,2,7,boundary,0.017046940264565307,0.009696288169865681,0.009401445627791329,1.7580892776623667,1.8132254271804076
all,2,7,period,0.02874420230629062,0.023094115187386008,0.02418337106045422,1.2446548427190096,1.1885936925185128
all,2,7,comma,0.030646049917458562,0.033336610939746464,0.03611923967676393,0.9192911052910898,0.8484688545970044
all,2,7,newline,0.03317404151934958,0.024394503204692,0.024176513174693475,1.35989822137345,1.3721598842497345
all,2,7,punct,0.05939025222960512,0.0564307259220449,0.06030261073721817,1.0524452992443973,0.9848703315418821
all,2,7,the,0.030952036759367346,0.03449924069752748,0.03666271952660974,0.8971802316097247,0.8442373386104762
all,2,8,initial,0.11219517808716661,0.045488863211285195,0.029359143063538897,2.466431784985395,3.821473189607558
all,2,8,boundary,0.012439840308346446,0.010035409278575793,0.009401445627791329,1.2395947153748657,1.3231837741605834
all,2,8,period,0.03543122131431082,0.024850604653069597,0.02418337106045422,1.425768982644625,1.4651067969696587
all,2,8,comma,0.034701869675017455,0.03560826098366853,0.03611923967676393,0.9745454767064646,0.9607585869904596
all,2,8,newline,0.02414335157442042,0.02458881390651302,0.024176513174693475,0.9818835372138628,0.9986283547162721
all,2,8,punct,0.07013309097912893,0.06045886539884336,0.06030261073721817,1.1600133498448126,1.1630191482877785
all,2,8,the,0.031047176607420054,0.03614020416090552,0.03666271952660974,0.8590758499644885,0.8468323410893202
all,2,9,initial,0.17552211133688542,0.04942518391696625,0.029359143063538897,3.5512687546446076,5.978448041110104
all,2,9,boundary,0.012606941013906317,0.009165001972971279,0.009401445627791329,1.3755524604452614,1.3409577115076132
all,2,9,period,0.03290774317608797,0.02377426757684776,0.02418337106045422,1.3841748465948418,1.3607591387414242
all,2,9,comma,0.03540939535558543,0.03541005085225138,0.03611923967676393,0.9999814884008871,0.9803471964656236
all,2,9,newline,0.03083410839895455,0.024637488922324098,0.024176513174693475,1.2515118117827209,1.2753744998774201
all,2,9,punct,0.06831713852719971,0.05918431822848678,0.06030261073721817,1.154311489463388,1.1329051543872057
all,2,9,the,0.04209739768469939,0.036466224620469695,0.03666271952660974,1.154421608566211,1.1482344525518673
all,2,10,initial,0.1799266688518272,0.05462334444918645,0.029359143063538897,3.293951893026334,6.128471408802051
all,2,10,boundary,0.006494827163878715,0.00851033248171686,0.009401445627791329,0.7631696150334728,0.6908328166765708
all,2,10,period,0.009082801664787303,0.022712693758212457,0.02418337106045422,0.39989979882959253,0.37558046155277025
all,2,10,comma,0.01488645354119761,0.03449370494387923,0.03611923967676393,0.43157015360969947,0.41214747803161256
all,2,10,newline,0.015964932874389604,0.023466148750953184,0.024176513174693475,0.6803388593426996,0.6603488583746947
all,2,10,punct,0.023969255210228583,0.05720639848845206,0.06030261073721817,0.4189960536506615,0.39748287706281676
all,2,10,the,0.05510633074277804,0.036730295084504955,0.03666271952660974,1.5002964342103857,1.5030617328532316
all,2,11,initial,0.0036774436186755226,0.016128762181154596,0.029359143063538897,0.22800532225420095,0.12525718515410408
all,2,11,boundary,0.009348103783702117,0.009790201693061188,0.009401445627791329,0.9548428190532164,0.9943262083086957
all,2,11,period,0.027894134963967483,0.024979985781918502,0.02418337106045422,1.1166593611177456,1.1534427890237882
all,2,11,comma,0.03979234374839472,0.03615879697839338,0.03611923967676393,1.1004885967907772,1.1016938369827802
all,2,11,newline,0.02769669383234447,0.024019963067997918,0.024176513174693475,1.1530697925695441,1.1456033230356686
all,2,11,punct,0.06768647871264823,0.06113878264006434,0.06030261073721817,1.107095623920604,1.1224469037933844
all,2,11,the,0.03274784459942035,0.03588907969967561,0.03666271952660974,0.9124737907312889,0.8932191889271068
all,2,12,initial,0.03352368554608985,0.0128633086922265,0.029359143063538897,2.606147947483274,1.1418482301591049
all,2,12,boundary,0.009739741813883571,0.005423058544473974,0.009401445627791329,1.7959868465385167,1.0359834220699224
all,2,12,period,0.02841937026252152,0.010529438143298516,0.02418337106045422,2.6990395760678925,1.175161651015404
all,2,12,comma,0.03296502720258759,0.014815072991385375,0.03611923967676393,2.2251005595285287,0.9126722350081614
all,2,12,newline,0.02220364430862246,0.011472526877200883,0.024176513174693475,1.9353752269473699,0.9183972952668751
all,2,12,punct,0.061384397456544705,0.025344511043013856,0.06030261073721817,2.4219996729218867,1.0179393015675666
all,2,12,the,0.02182239443927016,0.013486272487051006,0.03666271952660974,1.6181190510738364,0.5952202870120288
all,3,1,initial,0.16260438539377575,0.030811287697507676,0.029359143063538897,5.277429070480842,5.538458157374288
all,3,1,boundary,0.0068711951801958574,0.007719461254340742,0.009401445627791329,0.8901133063310739,0.7308658106668324
all,3,1,period,0.017733050308499927,0.019064881095863247,0.02418337106045422,0.9301421928274022,0.733274540764825
all,3,1,comma,0.0181065122059218,0.02847525545103215,0.03611923967676393,0.6358682975490387,0.5012982656323743
all,3,1,newline,0.015738186837075282,0.019372749595748102,0.024176513174693475,0.8123878729392896,0.6509700850306682
all,3,1,punct,0.035839562513138655,0.0475401365186289,0.06030261073721817,0.7538800924371494,0.5943285385987249
all,3,1,the,0.01606817445944148,0.031212645010516023,0.03666271952660974,0.5147969502112961,0.4382701192632267
all,3,2,initial,0.2711350346437595,0.058589050974736656,0.029359143063538897,4.627742387578043,9.235114051420728
all,3,2,boundary,0.010122734003070963,0.00828420410176442,0.009401445627791329,1.2219319899318948,1.076721006942534
all,3,2,period,0.02276326725378359,0.0225507840054281,0.02418337106045422,1.009422432865498,0.9412776736907102
all,3,2,comma,0.022350299539361754,0.03429659268724979,0.03611923967676393,0.651676968122573,0.618792082540432
all,3,2,newline,0.01831086732736821,0.023499571895234175,0.024176513174693475,0.7792000385795003,0.7573824726112668
all,3,2,punct,0.045113566787241335,0.05684737651080973,0.06030261073721817,0.7935910072941155,0.7481196292451348
all,3,2,the,0.024570079624391325,0.03517640779352794,0.03666271952660974,0.6984817713226518,0.6701652234651716
all,3,3,initial,0.05936140781331434,0.0125258811688976,0.029359143063538897,4.739100348541684,2.021905328941131
all,3,3,boundary,0.007195118531559561,0.007910034184578602,0.009401445627791329,0.9096191449573201,0.7653204428785174
all,3,3,period,0.035680356560303286,0.03134173775475179,0.02418337106045422,1.1384294272226085,1.4754087207738162
all,3,3,comma,0.03764836150460691,0.0393361299262502,0.03611923967676393,0.9570936839793945,1.0423353825143415
all,3,3,newline,0.01628074459473337,0.01934799276174823,0.024176513174693475,0.8414694379522959,0.6734116072525743
all,3,3,punct,0.07332871806715804,0.0706778676895703,0.06030261073721817,1.0375060887409726,1.2160123280019168
all,3,3,the,0.028968247245010407,0.03185261968191605,0.03666271952660974,0.909446304080816,0.7901281634054806
all,3,4,initial,0.08727458394273171,0.022402404642866275,0.029359143063538897,3.8957685719029747,2.972654336465221
all,3,4,boundary,0.011378231981417518,0.01141472873677999,0.009401445627791329,0.9968026611753922,1.210264084044976
all,3,4,period,0.015525361556444617,0.021558846806053272,0.02418337106045422,0.7201387762579871,0.6419850035643879
all,3,4,comma,0.022369634083029652,0.030207791928761673,0.03611923967676393,0.7405252967771837,0.6193273801779495
all,3,4,newline,0.025184487988380855,0.025282878919828337,0.024176513174693475,0.99610839684201,1.0416923154469797
all,3,4,punct,0.037894995643374084,0.051766638734735505,0.06030261073721817,0.732035082238138,0.62841384776042
all,3,4,the,0.08433889509894148,0.05463032679247308,0.03666271952660974,1.543810920614182,2.3003993208340274
all,3,5,initial,0.3011838469438822,0.03891413747365926,0.029359143063538897,7.739702496239361,10.258604833664995
all,3,5,boundary,0.005639411537721481,0.007029904829441036,0.009401445627791329,0.8022031129217838,0.5998451473304262
all,3,5,period,0.04306928612694959,0.030746584692288508,0.02418337106045422,1.4007827717447823,1.780946337848593
all,3,5,comma,0.05168012306727922,0.04382628122883429,0.03611923967676393,1.179203930113005,1.4308197938210159
all,3,5,newline,0.01604940892165601,0.020209324514330922,0.024176513174693475,0.7941586028902146,0.6638429952941092
all,3,5,punct,0.09474940921717691,0.07457286590345741,0.06030261073721817,1.2705614578342772,1.5712322909213368
all,3,5,the,0.043624893353651474,0.041794388900762584,0.03666271952660974,1.0437978518416737,1.1898979103824692
all,3,6,initial,0.09402452009644308,0.02248279470794853,0.029359143063538897,4.182065500211226,3.202563504423672
all,3,6,boundary,0.010326856356294217,0.009988643742133764,0.009401445627791329,1.033859713379687,1.0984328118398419
all,3,6,period,0.0543504959560381,0.03656119127812814,0.02418337106045422,1.4865625012758266,2.2474325775414568
all,3,6,comma,0.08051465575789259,0.05405579747491448,0.03611923967676393,1.489473091119538,2.229134845540199
all,3,6,newline,0.028820002088840287,0.02479513209060665,0.024176513174693475,1.1623250073250633,1.1920661131154073
all,3,6,punct,0.1348651517263414,0.09061698869731317,0.06030261073721817,1.4882987579385343,2.2364728504715297
all,3,6,the,0.03087773077695756,0.033881379828649937,0.03666271952660974,0.9113480895145686,0.8422105936398568
all,3,7,initial,0.14202153006219775,0.03757521174030589,0.029359143063538897,3.779660139875012,4.837386764144837
all,3,7,boundary,0.04223982734101519,0.0189540458120765,0.009401445627791329,2.2285388438864193,4.492907688169925
all,3,7,period,0.1277527648489699,0.04229099705234875,0.02418337106045422,3.0208028600232497,5.282669836624937
all,3,7,comma,0.056986649281217217,0.03677882198727888,0.03611923967676393,1.5494419397371633,1.5777366797086159
all,3,7,newline,0.09598869862384006,0.03977119040635427,0.024176513174693475,2.413523398296469,3.9703284725241224
all,3,7,punct,0.18473941414312814,0.07906981892316706,0.06030261073721817,2.3364087164868974,3.063539237930686
all,3,7,the,0.02612131717289317,0.03307653193646792,0.03666271952660974,0.7897235787314688,0.7124762568127103
all,3,8,initial,0.26527623747968343,0.035161257046617045,0.029359143063538897,7.544560683026159,9.035557914806098
all,3,8,boundary,0.010314698060953323,0.008713964020304325,0.009401445627791329,1.183697572874887,1.0971395750524107
all,3,8,period,0.021643128066769494,0.023013617843345477,0.02418337106045422,0.9404487470894426,0.8949591027928009
all,3,8,comma,0.024355101562488653,0.03475058758188904,0.03611923967676393,0.7008543813855337,0.6742971828988048
all,3,8,newline,0.027045374974314685,0.023590055735441397,0.024176513174693475,1.1464735512973825,1.118663174416076
all,3,8,punct,0.04599822963388644,0.057764205346710215,0.06030261073721817,0.7963102644240934,0.7627900197278986
all,3,8,the,0.022635365431026847,0.034715921412386455,0.03666271952660974,0.6520168415564701,0.6173946102006465
all,3,9,initial,0.12175109998158462,0.02446764328486013,0.029359143063538897,4.976004372963892,4.146956868532966
all,3,9,boundary,0.00967569474142072,0.010376055489821859,0.009401445627791329,0.9325022163684321,1.029170951413971
all,3,9,period,0.03184263885144102,0.028156792104144474,0.02418337106045422,1.130904356350808,1.3167162994704074
all,3,9,comma,0.032583310494718604,0.034715268952855045,0.03611923967676393,0.9385872982568062,0.902103997379545
all,3,9,newline,0.022367692369317408,0.023442297780159257,0.024176513174693475,0.9541595529192809,0.9251827262142404
all,3,9,punct,0.06442594935683027,0.06287206103020218,0.06030261073721817,1.024715084906818,1.0683774478285932
all,3,9,the,0.027866675335820615,0.03461469970523574,0.03666271952660974,0.8050532164982372,0.760082058713485
all,3,10,initial,0.0824568151408007,0.019102868965584878,0.029359143063538897,4.316462374806228,2.80855660406532
all,3,10,boundary,0.007280984334836897,0.00889270999420904,0.009401445627791329,0.8187587742744671,0.7744536981965624
all,3,10,period,0.027521360386207994,0.02609586249364707,0.02418337106045422,1.0546254369982198,1.1380282888357203
all,3,10,comma,0.01729206057137002,0.026951680172683058,0.03611923967676393,0.6415949009700861,0.4787492961125168
all,3,10,newline,0.013290830580594373,0.01876541366887122,0.024176513174693475,0.7082620620637693,0.5497414157516485
all,3,10,punct,0.04481342096304457,0.05304754266469107,0.06030261073721817,0.8447784517806287,0.7431423020527065
all,3,10,the,0.014308305134163502,0.02692090227157163,0.03666271952660974,0.5314942638186766,0.39026851578150273
all,3,11,initial,0.03507070326272711,0.02415762466273884,0.029359143063538897,1.4517446873334698,1.1945411072396523
all,3,11,boundary,0.011021707922028749,0.01026851174966166,0.009401445627791329,1.0733500813681112,1.1723418246921316
all,3,11,period,0.02088511955970534,0.02247738250102371,0.02418337106045422,0.9291615497825048,0.8636148991592685
all,3,11,comma,0.025634543067867346,0.032432768232750195,0.03611923967676393,0.7903902276828134,0.7097198971316788
all,3,11,newline,0.024771147700941066,0.022773877689136475,0.024176513174693475,1.0877000412080602,1.0245955453522562
all,3,11,punct,0.04651966263445417,0.05491015066015306,0.06030261073721817,0.847196048001601,0.7714369587939366
all,3,11,the,0.023565649947763015,0.03220444335991188,0.03666271952660974,0.7317515065979237,0.6427687376180348
all,3,12,initial,0.500741297431501,0.06384813319962508,0.029359143063538897,7.842692845316288,17.055719111004002
all,3,12,boundary,0.00617425997775461,0.006820613845333081,0.009401445627791329,0.9052352350924059,0.656735168419532
all,3,12,period,0.013043798941480068,0.019618062004710963,0.02418337106045422,0.6648872318961888,0.539370582739389
all,3,12,comma,0.015547105143227236,0.031555203209780724,0.03611923967676393,0.49269545310385826,0.43043832822507977
all,3,12,newline,0.01420107396515367,0.021935198026923845,0.024176513174693475,0.647410337837976,0.5873913191095936
all,3,12,punct,0.028590904091448596,0.05117326520304713,0.06030261073721817,0.5587078326545037,0.47412381888471994
all,3,12,the,0.015821841478552204,0.03221159371287163,0.03666271952660974,0.49118468398630816,0.43155122377293204
all,4,1,initial,0.6049966286476116,0.08167338962191997,0.029359143063538897,7.407512182955109,20.606753655523296
all,4,1,boundary,0.007581048224023089,0.005695624486830544,0.009401445627791329,1.3310302042474944,0.8063704800475558
all,4,1,period,0.017101822025079715,0.017643433739522534,0.02418337106045422,0.9693023635626228,0.7071727916810331
all,4,1,comma,0.015361977390134826,0.029951767868069742,0.03611923967676393,0.5128905064235475,0.4253128672588705
all,4,1,newline,0.019530259870612368,0.021612442877416923,0.024176513174693475,0.9036581371844712,0.8078195449232718
all,4,1,punct,0.03246379941253474,0.047595201534176394,0.06030261073721817,0.6820813520292304,0.5383481579927418
all,4,1,the,0.020768041169722504,0.030402304143783542,0.03666271952660974,0.6831074734172414,0.566462102044806
all,4,2,initial,0.36052270573837636,0.04965668750196331,0.029359143063538897,7.260305184958665,12.279742121836971
all,4,2,boundary,0.02021741869870933,0.012648689474079607,0.009401445627791329,1.598380507335561,2.1504585038438377
all,4,2,period,0.05634266234049124,0.032166146592784994,0.02418337106045422,1.7516136780004958,2.3298101079309577
all,4,2,comma,0.039071401257526485,0.03623700856266172,0.03611923967676393,1.0782181754866293,1.0817337686834456
all,4,2,newline,0.05301678440892051,0.03310318320920131,0.024176513174693475,1.6015615197448458,2.1929044947811294
all,4,2,punct,0.09541406359987534,0.06840315511042501,0.06030261073721817,1.3948781082662913,1.5822542744569221
all,4,2,the,0.04661939400579211,0.041723937221701486,0.03666271952660974,1.1173296939375221,1.2715749024552268
all,4,3,initial,0.1659363146565848,0.024835392535818256,0.029359143063538897,6.681445216429218,5.6519467989057555
all,4,3,boundary,0.008679250964741788,0.009650293252679845,0.009401445627791329,0.8993769139949811,0.9231825942901075
all,4,3,period,0.016394416954507884,0.02133939106738359,0.02418337106045422,0.7682701396089084,0.6779210769881789
all,4,3,comma,0.02352235829319531,0.03148781851116428,0.03611923967676393,0.7470304201878976,0.6512417897967994
all,4,3,newline,0.017046232625499137,0.022241954470026137,0.024176513174693475,0.7663999424363135,0.7050740734334723
all,4,3,punct,0.03991677526673636,0.05282720957149668,0.06030261073721817,0.7556101408822803,0.6619410798096694
all,4,3,the,0.07758563976623205,0.051831867596232456,0.03666271952660974,1.4968713913729703,2.116199800997319
all,4,4,initial,0.4844469781616729,0.05192351423347577,0.029359143063538897,9.33001136986494,16.500719285751476
all,4,4,boundary,0.003947522906362964,0.005173766898814796,0.009401445627791329,0.7629881638593461,0.41988467121415995
all,4,4,period,0.017381743302694635,0.020890794974473062,0.02418337106045422,0.8320288109635743,0.7187477403064817
all,4,4,comma,0.02188200923862621,0.0348933502242269,0.03611923967676393,0.6271111572265495,0.6058269618754807
all,4,4,newline,0.009032841568415625,0.018341321933539698,0.024176513174693475,0.4924858524999661,0.3736205259685943
all,4,4,punct,0.039263752537015674,0.055784145198819315,0.06030261073721817,0.7038514688551094,0.6511119843237978
all,4,4,the,0.011647008819619283,0.02881956950867904,0.03666271952660974,0.4041354197227608,0.3176798930904704
all,4,5,initial,0.5600194333730827,0.07983103003679773,0.029359143063538897,7.0150595966874585,19.074788121747684
all,4,5,boundary,0.008906127035358395,0.006755280175124826,0.009401445627791329,1.3183949154549797,0.9473146352121914
all,4,5,period,0.025422744455633136,0.02067507718565612,0.02418337106045422,1.229632384312008,1.051248992213728
all,4,5,comma,0.02088347597761935,0.032743763759344215,0.03611923967676393,0.6377848353385994,0.5781814945305733
all,4,5,newline,0.01979712259283954,0.023439779909525036,0.024176513174693475,0.8445950716796083,0.8188576429442267
all,4,5,punct,0.0463062204328182,0.05341884083597156,0.06030261073721817,0.8668518393165168,0.7678974403713248
all,4,5,the,0.01767273024362012,0.03298946813093384,0.03666271952660974,0.5357082500838687,0.4820354428643321
all,4,6,initial,0.4253841390251342,0.06237325583439201,0.029359143063538897,6.819976500097684,14.48898348649074
all,4,6,boundary,0.010105769712878208,0.009700208262244816,0.009401445627791329,1.0418095611629206,1.0749165727241827
all,4,6,period,0.0171813004010438,0.023039140258902278,0.02418337106045422,0.7457439907899766,0.7104592803912051
all,4,6,comma,0.020785383446071316,0.03456669732310633,0.03611923967676393,0.6013123918603932,0.5754656972871686
all,4,6,newline,0.018020498637109618,0.025309117315922017,0.024176513174693475,0.7120160854354602,0.7453721099853389
all,4,6,punct,0.03796668384668349,0.05760583746211675,0.06030261073721817,0.6590770227349176,0.6296026553830584
all,4,6,the,0.024512905569541697,0.03500894926361238,0.03666271952660974,0.7001896967819007,0.6686057631854143
all,4,7,initial,0.16708544331648692,0.02547419331992961,0.029359143063538897,6.55900821737772,5.691087200838305
all,4,7,boundary,0.007920737347981491,0.008599514960102701,0.009401445627791329,0.9210679189151497,0.8425020642109804
all,4,7,period,0.015072195309842409,0.018019695101105168,0.02418337106045422,0.836428986465926,0.6232462493406954
all,4,7,comma,0.011450865366336391,0.024361334206531186,0.03611923967676393,0.4700426203777647,0.3170295241209884
all,4,7,newline,0.015272418064020616,0.02055346375906965,0.024176513174693475,0.7430581162886154,0.6317047439250615
all,4,7,punct,0.026523060678686518,0.04238102929753042,0.06030261073721817,0.6258238914511697,0.4398327096361808
all,4,7,the,0.019559880635549445,0.030221938213075738,0.03666271952660974,0.6472080148415736,0.5335087218871726
all,4,8,initial,0.20276288026960837,0.02892194618573033,0.029359143063538897,7.010692813253647,6.9062942276888
all,4,8,boundary,0.006185922038412055,0.007053282139158526,0.009401445627791329,0.8770274485503639,0.6579756224006698
all,4,8,period,0.021664231567442196,0.021533344759467964,0.02418337106045422,1.006078331510328,0.8958317479099744
all,4,8,comma,0.020788898444865114,0.028131308672471097,0.03611923967676393,0.7389950708268627,0.5755630138094777
all,4,8,newline,0.012122139145080757,0.01716850629151203,0.024176513174693475,0.7060683637384252,0.5014014658561056
all,4,8,punct,0.04245313001358384,0.04966465342086411,0.06030261073721817,0.854795656255386,0.7040015265438946
all,4,8,the,0.018453438286563085,0.02869488734643236,0.03666271952660974,0.6430915049003461,0.5033297727182953
all,4,9,initial,0.21810180351156103,0.03303811635164603,0.029359143063538897,6.6015205343477374,7.428752366496062
all,4,9,boundary,0.011058630781702357,0.010265425191946866,0.009401445627791329,1.077269628381078,1.1762691844977833
all,4,9,period,0.041530605509761696,0.03128862930602621,0.02418337106045422,1.327338602901434,1.7173207740948278
all,4,9,comma,0.05284018703444742,0.046317686290459036,0.03611923967676393,1.140820953427718,1.4629374125070618
all,4,9,newline,0.029134756696973976,0.02660465747667996,0.024176513174693475,1.0950998607109206,1.2050851372343674
all,4,9,punct,0.09437079255911134,0.07760631559289158,0.06030261073721817,1.216019493235101,1.5649536795405548
all,4,9,the,0.017561796187025903,0.03080753413039428,0.03666271952660974,0.5700487456313383,0.479009642868407
all,4,10,initial,0.41232601968211285,0.05093429473570916,0.029359143063538897,8.09525334200884,14.044211671633574
all,4,10,boundary,0.008497369821636855,0.0072117026264725635,0.009401445627791329,1.1782751261047415,0.9038365117507076
all,4,10,period,0.020398326064061143,0.021407970639639843,0.02418337106045422,0.9528379129169207,0.8434856337054448
all,4,10,comma,0.021496339008607302,0.0314149453111067,0.03611923967676393,0.6842710944019154,0.5951492667337689
all,4,10,newline,0.020362526082725256,0.022030379148040024,0.024176513174693475,0.9242930385306986,0.8422441207956956
all,4,10,punct,0.04189466507407445,0.0528229159264108,0.06030261073721817,0.7931153428265713,0.6947404857252305
all,4,10,the,0.02263097795294076,0.03442013793024795,0.03666271952660974,0.6574923667883668,0.6172749388248527
all,4,11,initial,0.5433926961051803,0.06361683137817455,0.029359143063538897,8.541649817089219,18.508465827124883
all,4,11,boundary,0.005145127651662469,0.005681771745847417,0.009401445627791329,0.9055498675079371,0.5472698407629049
all,4,11,period,0.01311093139708965,0.01711580635272963,0.02418337106045422,0.766013071595585,0.5421465586544821
all,4,11,comma,0.013688685426269566,0.028853763357475797,0.03611923967676393,0.4744159455623638,0.37898597946057294
all,4,11,newline,0.010686425613232593,0.019506073009703057,0.024176513174693475,0.5478512055151624,0.44201682583485624
all,4,11,punct,0.02679961682940327,0.045969569702784256,0.06030261073721817,0.5829860275542255,0.4444188485667473
all,4,11,the,0.012138856633429423,0.028390834960618592,0.03666271952660974,0.42756250917831184,0.331095368542398
all,4,12,initial,0.27210420565567267,0.03851576691072392,0.029359143063538897,7.064748477847675,9.268124926765957
all,4,12,boundary,0.01365532776931289,0.011595775924147492,0.009401445627791329,1.1776122493775087,1.4524710677416235
all,4,12,period,0.019105704545128627,0.020388995717218,0.02418337106045422,0.937059618340806,0.7900347928073258
all,4,12,comma,0.015310414139086813,0.027675814531235427,0.03611923967676393,0.5532055478189161,0.42388528319260943
all,4,12,newline,0.031287650280427196,0.02820085568325511,0.024176513174693475,1.1094574800084858,1.2941341066989442
all,4,12,punct,0.034416118693101266,0.04806481023263399,0.06030261073721817,0.7160356719713868,0.5707235270969783
all,4,12,the,0.014605760142053652,0.030726056628094522,0.03666271952660974,0.47535420242306015,0.39838179847659194
all,5,1,initial,0.38982175625705545,0.04749566116869372,0.029359143063538897,8.207523522464458,13.277695313293217
all,5,1,boundary,0.00704095791686882,0.008632012491287646,0.009401445627791329,0.8156797645943297,0.7489228992672422
all,5,1,period,0.008918127588247558,0.016157911311316924,0.02418337106045422,0.551935668937689,0.36877106859725184
all,5,1,comma,0.016785629121560713,0.028747042970807716,0.03611923967676393,0.5839080262483457,0.4647281967111609
all,5,1,newline,0.013079264624051984,0.02164935110373168,0.024176513174693475,0.6041411847118837,0.5409905278542223
all,5,1,punct,0.02570375671089447,0.0449049542811631,0.06030261073721817,0.5724035826861265,0.4262461673990239
all,5,1,the,0.027129756307475834,0.040267911401786885,0.03666271952660974,0.6737313995945654,0.7399821032857398
all,5,2,initial,0.3885074186990493,0.05036343534780138,0.029359143063538897,7.7140770087680215,13.232927741053057
all,5,2,boundary,0.0096082168236132,0.00828333544549947,0.009401445627791329,1.1599453972172005,1.0219935533329725
all,5,2,period,0.024423311305659338,0.022994095634602987,0.02418337106045422,1.062155767887891,1.0099217038272004
all,5,2,comma,0.04408850112233026,0.04215180143584559,0.03611923967676393,1.045945834353777,1.2206375747907308
all,5,2,newline,0.027515119071579934,0.026495345557414184,0.024176513174693475,1.0384887795464282,1.1380929447006076
all,5,2,punct,0.06851181243165062,0.06514589705061774,0.06030261073721817,1.0516673425867111,1.1361334375754617
all,5,2,the,0.024075987442881246,0.036858437442601415,0.03666271952660974,0.6532015221853636,0.6566885313951393
all,5,3,initial,0.5631512603174148,0.07257964578325692,0.029359143063538897,7.759079756315451,19.181461090286113
all,5,3,boundary,0.019983328188585055,0.00930472014505717,0.009401445627791329,2.1476549404014635,2.1255590873719403
all,5,3,period,0.026242877098233072,0.02202925771074496,0.02418337106045422,1.1912737797530455,1.0851620740810057
all,5,3,comma,0.020414324248111026,0.033261627504162526,0.03611923967676393,0.6137500110467017,0.5651925242835021
all,5,3,newline,0.042686671445348164,0.02755204610014671,0.024176513174693475,1.5493103956849457,1.7656256357939164
all,5,3,punct,0.04665720135983078,0.05529088510448778,0.06030261073721817,0.8438497823223265,0.7737177675963276
all,5,3,the,0.015844052196728443,0.03378593876355955,0.03666271952660974,0.4689540316641235,0.4321570358475142
all,5,4,initial,0.33374437180295724,0.0434464976162823,0.029359143063538897,7.681732478198219,11.3676469057925
all,5,4,boundary,0.002378086646562882,0.005819530971054484,0.009401445627791329,0.4086388848845629,0.25294904004263896
all,5,4,period,0.005984555047249241,0.016426948156647553,0.02418337106045422,0.36431326075789977,0.24746570824592215
all,5,4,comma,0.008444304713564194,0.02733191830785943,0.03611923967676393,0.3089539716330848,0.23378965861777393
all,5,4,newline,0.004677232901181455,0.017823429195337404,0.024176513174693475,0.2624204831697043,0.19346184734684163
all,5,4,punct,0.014428859755590013,0.04375886643459065,0.06030261073721817,0.32973568401635384,0.23927421349080438
all,5,4,the,0.013556023269955147,0.03112164157229398,0.03666271952660974,0.43558188402321896,0.3697495288126733
all,5,5,initial,0.5704735872022483,0.07326711677034452,0.029359143063538897,7.7862158680325235,19.430866424392306
all,5,5,boundary,0.007352913541411654,0.0067244018700392235,0.009401445627791329,1.0934672976897446,0.78210456482096
all,5,5,period,0.02105601878806918,0.01897143298302654,0.02418337106045422,1.1098802503167624,0.8706817066749212
all,5,5,comma,0.021354480248950404,0.03144810436988152,0.03611923967676393,0.6790387108166055,0.5912217543905852
all,5,5,newline,0.014100199131947029,0.022162442682689146,0.024176513174693475,0.63622044437189,0.5832188881027837
all,5,5,punct,0.042410499037887045,0.050419537259549764,0.06030261073721817,0.8411520879211211,0.7032945757970593
all,5,5,the,0.016306997277706427,0.031554297285685866,0.03666271952660974,0.5167916474281256,0.4447841700851143
all,5,6,initial,0.5138204977822367,0.0576844331820651,0.029359143063538897,8.907437751195426,17.501208964792642
all,5,6,boundary,0.00519190101771038,0.0062033433732309315,0.009401445627791329,0.8369520604187102,0.5522449656425984
all,5,6,period,0.012406534940630402,0.017514766231401403,0.02418337106045422,0.7083471612876744,0.5130192523455983
all,5,6,comma,0.012212858516376242,0.028314154682982956,0.03611923967676393,0.43133403250481894,0.33812612407323084
all,5,6,newline,0.01592367458603279,0.022397510539929902,0.024176513174693475,0.7109573431227696,0.6586423141737717
all,5,6,punct,0.02461939345679182,0.04582892090862114,0.06030261073721817,0.5372021197243709,0.4082641390780943
all,5,6,the,0.02728506032255859,0.037191246596706876,0.03666271952660974,0.7336419942690108,0.7442181233379357
all,5,7,initial,0.4697346315844446,0.0590718935227567,0.029359143063538897,7.951914245028989,15.999602936906145
all,5,7,boundary,0.0058321296194206885,0.006959505726947818,0.009401445627791329,0.8380091702257202,0.6203439184055383
all,5,7,period,0.01363460459310654,0.020555696900585434,0.02418337106045422,0.6633005272965579,0.5638008265689014
all,5,7,comma,0.018230839295151787,0.03347570102719488,0.03611923967676393,0.5445991789788502,0.5047403948228725
all,5,7,newline,0.011546987751632428,0.02144348691869595,0.024176513174693475,0.5384846128530032,0.4776117907572843
all,5,7,punct,0.03186544389327111,0.05403139789426446,0.06030261073721817,0.5897579025371411,0.5284256104952364
all,5,7,the,0.016884591950902313,0.03339822416653546,0.03666271952660974,0.505553584726832,0.460538448017952
all,5,8,initial,0.1590941809165455,0.024389489280640882,0.029359143063538897,6.523063237852473,5.4188972945237115
all,5,8,boundary,0.005216965561487841,0.004790932480500524,0.009401445627791329,1.0889248768838438,0.5549109964606004
all,5,8,period,0.011651670456687989,0.011076045534346598,0.02418337106045422,1.051970256040966,0.4818050563571489
all,5,8,comma,0.012074142906772625,0.017301441739079132,0.03611923967676393,0.6978691769657845,0.3342856332200179
all,5,8,newline,0.010344429567571057,0.012351063248802112,0.024176513174693475,0.8375335272106496,0.4278710289124317
all,5,8,punct,0.023725813383564158,0.028377487253243527,0.06030261073721817,0.8360787257812022,0.3934458739598288
all,5,8,the,0.011740599290717824,0.019137357785035215,0.03666271952660974,0.6134911319836737,0.32023263528491164
all,5,9,initial,0.5650153363082595,0.07776821521869745,0.029359143063538897,7.265376152960953,19.244953270109296
all,5,9,boundary,0.004710662082604381,0.006084800819854348,0.009401445627791329,0.7741686576220814,0.5010572064235882
all,5,9,period,0.017615408473410348,0.02017466377509393,0.02418337106045422,0.8731450828517381,0.7284099652349911
all,5,9,comma,0.01964177227328256,0.03368168927671805,0.03611923967676393,0.5831587635617681,0.5438035919100042
all,5,9,newline,0.011172584990505927,0.022167059338764013,0.024176513174693475,0.5040174621163298,0.46212557244196484
all,5,9,punct,0.037257180744939895,0.05385635293845032,0.06030261073721817,0.6917880382193579,0.6178369441962673
all,5,9,the,0.014946430406139051,0.032976701097899346,0.03666271952660974,0.4532421348565747,0.4076738059567828
all,5,10,initial,0.47447274472631656,0.060907071691689074,0.029359143063538897,7.790109285307499,16.160987522676162
all,5,10,boundary,0.0032514551572102226,0.006364842812116969,0.009401445627791329,0.5108461046391147,0.34584629704166925
all,5,10,period,0.005787137086533644,0.01862791201234881,0.02418337106045422,0.310670196568313,0.23930233184061925
all,5,10,comma,0.014572818118730468,0.03191641097509836,0.03611923967676393,0.4565932595021535,0.40346414401700126
all,5,10,newline,0.006863990299755538,0.020353449413328326,0.024176513174693475,0.3372396570411646,0.28391150742698296
all,5,10,punct,0.020359955204536963,0.05054432294138442,0.06030261073721817,0.402813887291519,0.33762974696501824
all,5,10,the,0.022677685152581093,0.035678082331275354,0.03666271952660974,0.6356195084146063,0.6185489086842472
all,5,11,initial,0.6061157806396881,0.08009968222250385,0.029359143063538897,7.567018542670335,20.644873023982193
all,5,11,boundary,0.01125427255917278,0.006915444095423078,0.009401445627791329,1.6274114003208147,1.1970789392116852
all,5,11,period,0.034228633764573156,0.020935652897167444,0.02418337106045422,1.634944653156923,1.4153789262467804
all,5,11,comma,0.025642557912509686,0.03295806450024405,0.03611923967676393,0.7780359162874934,0.7099417967263011
all,5,11,newline,0.03105378403924877,0.024324773069738164,0.024176513174693475,1.2766320142111416,1.2844608242248103
all,5,11,punct,0.059871191685795654,0.053893717294875354,0.06030261073721817,1.1109122675323175,0.9928457649486766
all,5,11,the,0.014315771538660088,0.03276262604885334,0.03666271952660974,0.43695433685057505,0.39047216691794306
all,5,12,initial,0.006512299933663323,0.006525311229807761,0.029359143063538897,0.9980060267340196,0.22181505500925006
all,5,12,boundary,0.009019308066729315,0.006876650534271775,0.009401445627791329,1.3115844729609258,0.959353319032938
all,5,12,period,0.028612026145140627,0.029424903727646886,0.02418337106045422,0.9723745032428942,1.1831281120243964
all,5,12,comma,0.03972528041247191,0.03977927770288308,0.03611923967676393,0.9986425774038815,1.099837116395
all,5,12,newline,0.020333797156922274,0.018223347237000042,0.024176513174693475,1.115810223691356,0.8410558218215882
all,5,12,punct,0.06833730656208893,0.06920418140483885,0.06030261073721817,0.9874736637996082,1.1332396015138335
all,5,12,the,0.04107207575137426,0.04111092737077142,0.03666271952660974,0.9990549563855186,1.1202681165417698
all,6,1,initial,0.7253170057708924,0.08680603772123677,0.029359143063538897,8.355605494863479,24.704978759126767
all,6,1,boundary,0.002417757585832819,0.004292912600373395,0.009401445627791329,0.5631974863924608,0.2571687037880386
all,6,1,period,0.011847916363422256,0.017722639937352694,0.02418337106045422,0.6685187085729413,0.48991996747701244
all,6,1,comma,0.016587813747686683,0.03402645414799544,0.03611923967676393,0.48749757102339447,0.45925146531691485
all,6,1,newline,0.008603728533902294,0.02159653764652008,0.024176513174693475,0.3983846241801931,0.35587135629252614
all,6,1,punct,0.028435730115742467,0.05174909402444321,0.06030261073721817,0.5494923273885938,0.47155056419791486
all,6,1,the,0.006921293450663893,0.031448071574025016,0.03666271952660974,0.22008641879270696,0.18878287099352872
all,6,2,initial,0.909063940245322,0.09684821742884446,0.029359143063538897,9.386480870576912,30.96357200473906
all,6,2,boundary,0.0006018151259964819,0.00354146411172167,0.009401445627791329,0.1699339897316965,0.06401304116650683
all,6,2,period,0.0014943464462208896,0.016848229850503577,0.02418337106045422,0.08869456669812853,0.06179231350688386
all,6,2,comma,0.0028050078287564385,0.0314763658788616,0.03611923967676393,0.08911472943069902,0.07765965878182492
all,6,2,newline,0.0028824929898995247,0.02126200298433808,0.024176513174693475,0.13557015263438793,0.11922699394537777
all,6,2,punct,0.004299354271942897,0.04832459573724819,0.06030261073721817,0.08896824083784298,0.07129632066310156
all,6,2,the,0.0016105862203315616,0.03144852827892742,0.03666271952660974,0.05121340515672907,0.04392980774823867
all,6,3,initial,0.5303765390969291,0.06227051086350855,0.029359143063538897,8.517298665807761,18.06512328881981
all,6,3,boundary,0.0014981279627472286,0.004479625417372056,0.009401445627791329,0.3344315256667366,0.1593508085946546
all,6,3,period,0.003741981697432841,0.016436322721149806,0.02418337106045422,0.2276653823922405,0.15473366753040915
all,6,3,comma,0.018777236519332646,0.03412543939079277,0.03611923967676393,0.5502416043439677,0.5198679896745538
all,6,3,newline,0.0032670674719234927,0.018036788632094885,0.024176513174693475,0.18113354536461287,0.13513393963457324
all,6,3,punct,0.02251921821648938,0.050561762107393333,0.06030261073721817,0.4453804076024584,0.3734368701650714
all,6,3,the,0.017004228690832873,0.0341435930432825,0.03666271952660974,0.4980210685289411,0.4638016194759157
all,6,4,initial,0.36950300999033925,0.05386523139719653,0.029359143063538897,6.859768359030393,12.585619722982475
all,6,4,boundary,0.014845224589013604,0.011002889382719934,0.009401445627791329,1.3492114727907805,1.5790363712927387
all,6,4,period,0.02592733638212613,0.02502368034570919,0.02418337106045422,1.0361120356371516,1.072114235741258
all,6,4,comma,0.031410432729281526,0.03507293895085057,0.03611923967676393,0.8955745845336345,0.8696316149060123
all,6,4,newline,0.032479077682338195,0.028616029911745496,0.024176513174693475,1.1349959369803113,1.3434144720395556
all,6,4,punct,0.05733776912010212,0.06009661922284554,0.06030261073721817,0.9540930897874094,0.9508339426623501
all,6,4,the,0.021793714578444083,0.03516705221850918,0.03666271952660974,0.6197196865699645,0.5944380247795378
all,6,5,initial,0.5400041086092151,0.06269559532363914,0.029359143063538897,8.613110790665203,18.393047352933333
all,6,5,boundary,0.002201568784991089,0.004768989636470461,0.009401445627791329,0.46164260206287105,0.23417343163514112
all,6,5,period,0.007254398835732716,0.016594134296703193,0.02418337106045422,0.4371664532794561,0.29997467340669676
all,6,5,comma,0.017106966369149282,0.03274883383906006,0.03611923967676393,0.5223687186303876,0.47362476403827686
all,6,5,newline,0.008171310785352735,0.01959035866773786,0.024176513174693475,0.4171087892744688,0.33798549552240537
all,6,5,punct,0.02436136520978315,0.04934296812516384,0.06030261073721817,0.49371503449058596,0.4039852489296547
all,6,5,the,0.0165224583015872,0.03484800407359359,0.03666271952660974,0.4741292576382373,0.45066101246513446
all,6,6,initial,0.6830383103398067,0.08574230251192545,0.029359143063538897,7.966176441842187,23.264926665658425
all,6,6,boundary,0.006832562573741287,0.005622137915442284,0.009401445627791329,1.2152961518383139,0.7267565908740412
all,6,6,period,0.013545377282528952,0.018951973804071483,0.02418337106045422,0.7147211906560876,0.5601112123147706
all,6,6,comma,0.010198598895971946,0.0323274162728052,0.03611923967676393,0.3154783175341889,0.2823591799617217
all,6,6,newline,0.011685789225879232,0.02260767097713328,0.024176513174693475,0.516894873324144,0.48335296084429646
all,6,6,punct,0.023743976178399708,0.05127939001072651,0.06030261073721817,0.4630315644049782,0.39374706813058696
all,6,6,the,0.007074479203518603,0.032193013013843225,0.03666271952660974,0.21975200645172685,0.19296111403803415
all,6,7,initial,0.717997543593568,0.07230641171833603,0.029359143063538897,9.929929124272842,24.45567099965015
all,6,7,boundary,0.002765552222978609,0.004518018352539907,0.009401445627791329,0.6121161994448054,0.29416244399727676
all,6,7,period,0.003694198440247445,0.01625120833047674,0.02418337106045422,0.22731838550857303,0.1527577950572975
all,6,7,comma,0.009891537045183847,0.03297237924289899,0.03611923967676393,0.2999946401294081,0.2738578423495229
all,6,7,newline,0.00730231231197873,0.021201657492099523,0.024176513174693475,0.34442176583127176,0.302041583052694
all,6,7,punct,0.013585735489754629,0.04922358757203397,0.06030261073721817,0.27600051438496265,0.2252926585377447
all,6,7,the,0.005557221955892615,0.02962598670076225,0.03666271952660974,0.18757930367090972,0.15157691594207007
all,6,8,initial,0.7128967768091894,0.076963343930502,0.029359143063538897,9.262809285585826,24.281934090049635
all,6,8,boundary,0.0018323026130449853,0.004197438267254867,0.009401445627791329,0.4365287816950587,0.19489583683051584
all,6,8,period,0.002202456881470173,0.015687557620530975,0.02418337106045422,0.14039514210852835,0.09107319554268982
all,6,8,comma,0.002336997183092094,0.027584706662024366,0.03611923967676393,0.08472075529842114,0.06470228066831431
all,6,8,newline,0.0025866505429867777,0.01899017435615838,0.024176513174693475,0.13620994175590312,0.10699022329217964
all,6,8,punct,0.004539454064111697,0.043272264272676435,0.06030261073721817,0.10490447265497177,0.07527790270795011
all,6,8,the,0.004884333375285756,0.03127707806375923,0.03666271952660974,0.15616335277000304,0.13322343345917684
all,6,9,initial,0.7499469922053859,0.08282376722701552,0.029359143063538897,9.054731719094848,25.543899240599586
all,6,9,boundary,0.004708206044529587,0.004781811497312977,0.009401445627791329,0.9846072031854977,0.5007959659535552
all,6,9,period,0.007830419784112596,0.01794776673807079,0.02418337106045422,0.43628936671562124,0.3237935589929919
all,6,9,comma,0.010303431271063377,0.033223931960725234,0.03611923967676393,0.3101207672602778,0.28526157702294425
all,6,9,newline,0.009279074536880183,0.021479306003625773,0.024176513174693475,0.43200066777361645,0.38380532667518663
all,6,9,punct,0.018133851050895794,0.05117169867615424,0.06030261073721817,0.3543726614521413,0.300714195110358
all,6,9,the,0.007434119395493522,0.03197193723244018,0.03666271952660974,0.2325201423187622,0.20277053888754354
all,6,10,initial,0.640073206645521,0.08218304539343187,0.029359143063538897,7.788385105240651,21.80149486176344
all,6,10,boundary,0.005351179811128632,0.005778100154293801,0.009401445627791329,0.9261140631409932,0.5691869126286463
all,6,10,period,0.014950562561729788,0.0196493065903736,0.02418337106045422,0.7608697280470053,0.6182166466517833
all,6,10,comma,0.012118229956121756,0.032577933875173576,0.03611923967676393,0.3719766269571996,0.3355062306009061
all,6,10,newline,0.010726193330354164,0.02259542047146616,0.024176513174693475,0.4747065160349357,0.4436617163463299
all,6,10,punct,0.02706879251302477,0.0522272403804721,0.06030261073721817,0.5182887764283609,0.4488825969904182
all,6,10,the,0.008103772833346042,0.03262549114267433,0.03666271952660974,0.2483877651958551,0.22103578070536578
all,6,11,initial,0.31823044174217513,0.05703476240532696,0.029359143063538897,5.579587401111938,10.839227870291124
all,6,11,boundary,0.004810215187717191,0.00726216353085442,0.009401445627791329,0.662366685531144,0.5116463337827386
all,6,11,period,0.02128465222327085,0.02063574165681952,0.02418337106045422,1.0314459532030864,0.880135865676581
all,6,11,comma,0.01892225297532054,0.032187083844350935,0.03611923967676393,0.5878834214004612,0.5238829262370526
all,6,11,newline,0.0115417077659206,0.02138241660490302,0.024176513174693475,0.5397756474015228,0.47739339757239135
all,6,11,punct,0.04020690518684107,0.052822825361135785,0.06030261073721817,0.761165365766731,0.6667523129645492
all,6,11,the,0.010467100105599841,0.032152913502082305,0.03666271952660974,0.3255412640886172,0.2854971000719911
all,6,12,initial,0.5564428459104581,0.07087590422960544,0.029359143063538897,7.8509452818808265,18.952966192037948
all,6,12,boundary,0.005310493370368567,0.005822330985335905,0.009401445627791329,0.9120906014693343,0.5648592334215472
all,6,12,period,0.019362572072556598,0.018378373009268333,0.02418337106045422,1.0535520235002265,0.8006564520783118
all,6,12,comma,0.018737542762997526,0.030370513066699165,0.03611923967676393,0.6169649726313967,0.5187690253361474
all,6,12,newline,0.009540954082533436,0.02047262451011973,0.024176513174693475,0.4660347322746671,0.39463730826661697
all,6,12,punct,0.03810011484139754,0.048748886005809906,0.06030261073721817,0.7815586767840552,0.6318153455648402
all,6,12,the,0.014963008048675158,0.03032450712226734,0.03666271952660974,0.49342955479358125,0.408125972155858
all,7,1,initial,0.32909422820570633,0.04646984554462645,0.029359143063538897,7.0818877133918345,11.209258645372666
all,7,1,boundary,0.005130491349979621,0.006909646415543629,0.009401445627791329,0.742511416856049,0.5457130268151028
all,7,1,period,0.008532296749560355,0.01789783223940756,0.02418337106045422,0.4767223558378143,0.35281668251424075
all,7,1,comma,0.022020434409029555,0.032985055488084385,0.03611923967676393,0.6675882178516959,0.6096594116070402
all,7,1,newline,0.012840457446740328,0.020904722962247123,0.024176513174693475,0.6142371496589334,0.5311128761189993
all,7,1,punct,0.03055273115987234,0.05088288767669107,0.06030261073721817,0.6004519899500168,0.5066568559197637
all,7,1,the,0.031459678973115676,0.04106228261849801,0.03666271952660974,0.7661454007659942,0.8580836167999566
all,7,2,initial,0.7903640429217798,0.08343710733556692,0.029359143063538897,9.47257243402624,26.920541965795056
all,7,2,boundary,0.001299690106646172,0.003723668484231359,0.009401445627791329,0.349034859614914,0.1382436444459347
all,7,2,period,0.002705176681801726,0.016240968235581313,0.02418337106045422,0.16656498815600937,0.11186102529044668
all,7,2,comma,0.011230615810427683,0.03363399656032145,0.03611923967676393,0.33390667059996715,0.3109316782670958
all,7,2,newline,0.004091755853015148,0.019762475171200323,0.024176513174693475,0.2070467296008562,0.16924507779302736
all,7,2,punct,0.013935792488463853,0.04987496478963137,0.06030261073721817,0.27941458299256783,0.23109766423202008
all,7,2,the,0.0043214463220893696,0.030415219020773845,0.03666271952660974,0.1420817097893586,0.11787031562000935
all,7,3,initial,0.5309285377213331,0.07566623149605098,0.029359143063538897,7.016717064190546,18.083924880651335
all,7,3,boundary,0.013515821964933197,0.008581330982863311,0.009401445627791329,1.5750262974268132,1.4376323067783836
all,7,3,period,0.02995877261770111,0.02221444522861312,0.02418337106045422,1.3486167360647376,1.2388170591605856
all,7,3,comma,0.025392946489689937,0.033560220497651054,0.03611923967676393,0.7566382494854955,0.7030310360056006
all,7,3,newline,0.028653552044092444,0.025380790072069715,0.024176513174693475,1.1289464182450426,1.185181330204608
all,7,3,punct,0.05535171910859245,0.05577466559753782,0.06030261073721817,0.9924168709141657,0.9178992158366026
all,7,3,the,0.01413628111363061,0.033362427000375804,0.03666271952660974,0.42371860756627133,0.3855764464872968
all,7,4,initial,0.6649134451784806,0.07912143764695728,0.029359143063538897,8.403707831313032,22.647576727272952
all,7,4,boundary,0.003248549976016524,0.005583193725307826,0.009401445627791329,0.5818443951337936,0.3455372827359213
all,7,4,period,0.013191848359458401,0.020348307250523903,0.02418337106045422,0.6483020035545588,0.5454925339598469
all,7,4,comma,0.015710729009799092,0.033468129909210144,0.03611923967676393,0.46942356959943654,0.43496843096356896
all,7,4,newline,0.00762609396134607,0.021544134131804015,0.024176513174693475,0.3539754215551522,0.3154339877815221
all,7,4,punct,0.028902577365642113,0.053816437120309306,0.06030261073721817,0.5370585440472206,0.47929230612570695
all,7,4,the,0.010888943320178627,0.03293978541638794,0.03666271952660974,0.33057116743575526,0.29700315363336455
all,7,5,initial,0.3601975234716141,0.057338354375597214,0.029359143063538897,6.2819647929224764,12.26866610827423
all,7,5,boundary,0.010546676181396717,0.009117161983716869,0.009401445627791329,1.1567937698412007,1.1218143037726034
all,7,5,period,0.032086786988039184,0.022659650554715364,0.02418337106045422,1.4160318540906218,1.3268120026702563
all,7,5,comma,0.02142716572014897,0.033668723792634025,0.03611923967676393,0.6364115804364632,0.5932341298405958
all,7,5,newline,0.028022724316828226,0.02504848860401337,0.024176513174693475,1.118739128728841,1.1590887451115464
all,7,5,punct,0.053513952715141554,0.056328374190605456,0.06030261073721817,0.9500354569805195,0.8874234806904185
all,7,5,the,0.009892150544429622,0.032971169474479506,0.03666271952660974,0.3000242545866136,0.26981496932462734
all,7,6,initial,0.6260932034548055,0.07211358590066311,0.029359143063538897,8.682042303613255,21.325322816807628
all,7,6,boundary,0.006366153852668251,0.005655530049141284,0.009401445627791329,1.1256511409810062,0.6771462714042037
all,7,6,period,0.015213932020927485,0.019452536682003148,0.02418337106045422,0.7821052991511857,0.6291071655351647
all,7,6,comma,0.012620403921279642,0.03149926727556369,0.03611923967676393,0.40065706325398315,0.349409456960373
all,7,6,newline,0.013444246398843531,0.02147627375978632,0.024176513174693475,0.6260046109124144,0.5560870710221424
all,7,6,punct,0.02783433594907629,0.050951803939372396,0.06030261073721817,0.546287546211247,0.4615776267195214
all,7,6,the,0.009300062329622423,0.03161499937776392,0.03666271952660974,0.29416613989129237,0.25366537042819354
all,7,7,initial,0.5961885506137854,0.07585287368960121,0.029359143063538897,7.859801766422962,20.306742241199526
all,7,7,boundary,0.0048370738663544065,0.005282097614087161,0.009401445627791329,0.9157486702733603,0.5145032006626384
all,7,7,period,0.022245487323894673,0.018437186380852785,0.02418337106045422,1.2065554290321028,0.919867096621262
all,7,7,comma,0.015686046973884534,0.030760416741142778,0.03611923967676393,0.509942602725017,0.4342850822514853
all,7,7,newline,0.010861047228696862,0.020726395698937247,0.024176513174693475,0.5240200653533681,0.4492396049925659
all,7,7,punct,0.03793153428299139,0.04919760304198593,0.06030261073721817,0.7710037062297544,0.6290197691155754
all,7,7,the,0.01240315978007256,0.030699905368322164,0.03666271952660974,0.4040129645764582,0.3383044122264408
all,7,8,initial,0.4417669596989391,0.05886069941073331,0.029359143063538897,7.505295793654508,15.046997752722872
all,7,8,boundary,0.005082190321005457,0.006896347196187793,0.009401445627791329,0.7369394516295268,0.5405754095925576
all,7,8,period,0.012298923658788418,0.019650258138346446,0.02418337106045422,0.6258912006243681,0.5085694474952747
all,7,8,comma,0.014249782305463926,0.0318813968701128,0.03611923967676393,0.4469622947676542,0.3945205500721277
all,7,8,newline,0.009192052001745037,0.020750081157876795,0.024176513174693475,0.44298872528774214,0.38020586075938884
all,7,8,punct,0.02654870596649387,0.051531654966787875,0.06030261073721817,0.5151921859215369,0.4402579862120012
all,7,8,the,0.011821683805402676,0.03279065714963655,0.03666271952660974,0.36051988075309765,0.3224442692207412
all,7,9,initial,0.4817468793067414,0.0553836536659458,0.029359143063538897,8.698358584510595,16.408751381610404
all,7,9,boundary,0.0027722316940180175,0.004855814181138123,0.009401445627791329,0.5709097569644339,0.2948729167590043
all,7,9,period,0.005781771856877248,0.015815707075724886,0.02418337106045422,0.3655715061738553,0.23908047568818358
all,7,9,comma,0.013378737433653365,0.029781605524553213,0.03611923967676393,0.4492282131204568,0.37040473590755335
all,7,9,newline,0.005341605143818093,0.016721782719815177,0.024176513174693475,0.319439932531137,0.22094191603317576
all,7,9,punct,0.019160509288884436,0.04559731260525138,0.06030261073721817,0.4202113719894481,0.31773929942072576
all,7,9,the,0.012998795116025879,0.03064458674080951,0.03666271952660974,0.4241791617543772,0.3545507612055722
all,7,10,initial,0.8638207952511645,0.09481574294205436,0.029359143063538897,9.110520768466472,29.422547973613817
all,7,10,boundary,0.001371907156092626,0.0038820530385100405,0.009401445627791329,0.35339732416926833,0.14592512794385287
all,7,10,period,0.00357608927204694,0.017230379614935582,0.02418337106045422,0.20754558819743738,0.14787389496308595
all,7,10,comma,0.003780403198112173,0.031649406912450176,0.03611923967676393,0.11944625719431873,0.10466452870945026
all,7,10,newline,0.0031340731413508926,0.021310791625949163,0.024176513174693475,0.14706507371292002,0.1296329672812973
all,7,10,punct,0.007356492469390584,0.04887978651380284,0.06030261073721817,0.1505017307576258,0.12199293495679832
all,7,10,the,0.0020354691927063706,0.031586971083420075,0.03666271952660974,0.06444015120445605,0.05551877272031145
all,7,11,initial,0.7012355047136898,0.08629096938135426,0.029359143063538897,8.126406618688566,23.884740204987583
all,7,11,boundary,0.0036717787896606664,0.004830564081264545,0.009401445627791329,0.760113876534988,0.39055470137556636
all,7,11,period,0.017478986927295593,0.01880860886223966,0.02418337106045422,0.9293078002375057,0.7227688349817387
all,7,11,comma,0.01073455428533224,0.03200058800933961,0.03611923967676393,0.3354486574496469,0.29719768138524655
all,7,11,newline,0.010782153716884816,0.022014095421519414,0.024176513174693475,0.4897840910758,0.445976375458928
all,7,11,punct,0.02821354120658449,0.05080919680951914,0.06030261073721817,0.5552841410257968,0.46786599886249
all,7,11,the,0.006479643328226441,0.03196861785138402,0.03666271952660974,0.2026876281717609,0.17673657087886038
all,7,12,initial,0.5369119707204589,0.0646248811136979,0.029359143063538897,8.308130885004523,18.287726230921557
all,7,12,boundary,0.004438416307697908,0.0061316419040981255,0.009401445627791329,0.7238544548290502,0.47209934337945214
all,7,12,period,0.010242744350536076,0.01815694308847186,0.02418337106045422,0.5641227325892408,0.4235449361022083
all,7,12,comma,0.018167949405872456,0.03261544230991936,0.03611923967676393,0.5570351992542816,0.5029992205943411
all,7,12,newline,0.01621632209926611,0.022264931270345855,0.024176513174693475,0.7283347027827682,0.6707469345182656
all,7,12,punct,0.028410693752803803,0.05077238537566518,0.06030261073721817,0.5595698043846652,0.4711353854414301
all,7,12,the,0.018262518682758737,0.03576322049176682,0.03666271952660974,0.5106508427271816,0.4981223138535545
all,8,1,initial,0.5253020607370816,0.05738518511158613,0.029359143063538897,9.153966476114453,17.89228178766069
all,8,1,boundary,0.006527145604386674,0.00752018629494228,0.009401445627791329,0.8679499879911915,0.6942704199758362
all,8,1,period,0.007637243364019443,0.01686088905760378,0.02418337106045422,0.4529561482747118,0.3158055733804714
all,8,1,comma,0.017896482922454545,0.03382119887269812,0.03611923967676393,0.5291498680994816,0.495483379013862
all,8,1,newline,0.012836200119897,0.022737462266533667,0.024176513174693475,0.5645396997003519,0.5309367826181471
all,8,1,punct,0.025533726294185693,0.050682087931596675,0.06030261073721817,0.5038017835541307,0.4234265479061014
all,8,1,the,0.02303922039505527,0.03796739096994012,0.03666271952660974,0.6068160020080412,0.6284100222934483
all,8,2,initial,0.6670681442064652,0.08452308932414605,0.029359143063538897,7.8921410651267,22.72096780082443
all,8,2,boundary,0.005156629194122715,0.005427310808427038,0.009401445627791329,0.9501260156532709,0.548493220965865
all,8,2,period,0.019853822809825325,0.019675049504216828,0.02418337106045422,1.009086295085061,0.8209700277183947
all,8,2,comma,0.009447959763795978,0.03212169155695013,0.03611923967676393,0.2941302062827303,0.26157692820632655
all,8,2,newline,0.010457545852567396,0.022050246788076447,0.024176513174693475,0.4742598100181925,0.4325497964492964
all,8,2,punct,0.029301782564145763,0.051796740988399245,0.06030261073721817,0.5657070696920563,0.48591233788922833
all,8,2,the,0.007404022480615403,0.03211127838264408,0.03666271952660974,0.23057389345848106,0.20194962556559876
all,8,3,initial,0.9281307189152048,0.09790243581118181,0.029359143063538897,9.480159622435048,31.61300440229299
all,8,3,boundary,0.0005107691013504313,0.003395567366303732,0.009401445627791329,0.15042231422621796,0.05432878320761248
all,8,3,period,0.0010624770226674795,0.016770320406122172,0.02418337106045422,0.06335460485773496,0.04393419842136449
all,8,3,comma,0.0017149226112160951,0.03133266069322373,0.03611923967676393,0.05473274765928127,0.04747947704777772
all,8,3,newline,0.001927605323878223,0.02097994694679846,0.024176513174693475,0.09187846512511681,0.07973049339041681
all,8,3,punct,0.0027773996361756923,0.048102981113202305,0.06030261073721817,0.05773861768857002,0.04605770135357521
all,8,3,the,0.000902342498737108,0.03139909040948567,0.03666271952660974,0.02873785472666145,0.02461199033754682
all,8,4,initial,0.6798355299705775,0.07786241130434385,0.029359143063538897,8.73124166824577,23.15583695679677
all,8,4,boundary,0.0031538869828306075,0.00468727445198518,0.009401445627791329,0.6728615990247501,0.3354683000566953
all,8,4,period,0.009215927194090383,0.017946762948753994,0.02418337106045422,0.5135147335709488,0.38108529911120204
all,8,4,comma,0.010297738374456635,0.031228111422057458,0.03611923967676393,0.32975860228239734,0.28510396305715513
all,8,4,newline,0.006200146392998772,0.019751741178303753,0.024176513174693475,0.313903788887701,0.2564532920110545
all,8,4,punct,0.01951366556774548,0.04917487435138935,0.06030261073721817,0.3968218694023802,0.3235957005705864
all,8,4,the,0.008653524243565889,0.032120078496100185,0.03666271952660974,0.2694116779514267,0.23603061516713664
all,8,5,initial,0.7503970085878611,0.08151098757962509,0.029359143063538897,9.206084122767201,25.55922722144362
all,8,5,boundary,0.001606004094531357,0.004335774486390528,0.009401445627791329,0.37040766293828464,0.17082522817383497
all,8,5,period,0.0023962382442890753,0.016871012117403394,0.02418337106045422,0.1420328684262648,0.09908619597734726
all,8,5,comma,0.008160066606280035,0.03129161920387473,0.03611923967676393,0.2607748276979417,0.2259202208935072
all,8,5,newline,0.0030847387850108624,0.01991674928034621,0.024176513174693475,0.15488163964863852,0.12759237706121254
all,8,5,punct,0.010556304849435273,0.04816263130767288,0.06030261073721817,0.2191804011288214,0.1750555194937858
all,8,5,the,0.01149596788660036,0.03416243846276304,0.03666271952660974,0.33650899654399474,0.3135601514300271
all,8,6,initial,0.4442898077934572,0.06261440098678547,0.029359143063538897,7.095648936851171,15.132928329410966
all,8,6,boundary,0.008017817974803701,0.009230972988731356,0.009401445627791329,0.8685777744763629,0.8528282024099009
all,8,6,period,0.029096499609262267,0.021799548239710528,0.02418337106045422,1.3347294764695836,1.2031614424856685
all,8,6,comma,0.02430245888395289,0.03361494205196031,0.03611923967676393,0.722965960982094,0.6728397137215223
all,8,6,newline,0.027896052631473805,0.025367712662425337,0.024176513174693475,1.0996676366802847,1.1538492929027384
all,8,6,punct,0.0533989585017723,0.05541449018483925,0.06030261073721817,0.9636280749611881,0.8855165282058841
all,8,6,the,0.020019952428740936,0.036402788536433195,0.03666271952660974,0.5499565619459141,0.5460574852940325
all,8,7,initial,0.6182943428084882,0.07983352230049272,0.029359143063538897,7.744795982835798,21.059686295011367
all,8,7,boundary,0.006684868322533348,0.006337301887401699,0.009401445627791329,1.0548445444618313,0.7110468524938772
all,8,7,period,0.02314463692629672,0.02096412344702561,0.02418337106045422,1.1040116694972277,0.957047587304481
all,8,7,comma,0.013908851015967486,0.03291573228307047,0.03611923967676393,0.42255936754963874,0.38508150061960655
all,8,7,newline,0.012069030766035037,0.022654111930422834,0.024176513174693475,0.5327523234237755,0.4992047727820476
all,8,7,punct,0.037053487943581806,0.05387985563264729,0.06030261073721817,0.6877057762777314,0.6144591003704715
all,8,7,the,0.008304819470731443,0.0325656539151645,0.03666271952660974,0.25501774023534124,0.22651946113009483
all,8,8,initial,0.7525838940702724,0.08800612805849081,0.029359143063538897,8.551494204700024,25.633714595876807
all,8,8,boundary,0.0032190769700940797,0.004165405119535089,0.009401445627791329,0.7728124582641721,0.3424023386976003
all,8,8,period,0.01443174376062146,0.018048940366855063,0.02418337106045422,0.7995895308692916,0.5967631115010645
all,8,8,comma,0.014583495274602025,0.0337936500408147,0.03611923967676393,0.43154543107917104,0.40375975256156393
all,8,8,newline,0.014326907527646428,0.02169682835045346,0.024176513174693475,0.6603226654252901,0.5925961044971108
all,8,8,punct,0.029015239036921835,0.051842590350370275,0.06030261073721817,0.5596795769815271,0.48116057799490797
all,8,8,the,0.005122192109534428,0.031306347461040204,0.03666271952660974,0.1636151299958847,0.13971118824987191
all,8,9,initial,0.5649058615329478,0.06415627334962973,0.029359143063538897,8.805153916194667,19.241224456394438
all,8,9,boundary,0.0017852466902983806,0.004757766324218055,0.009401445627791329,0.3752279049963195,0.18989065734965982
all,8,9,period,0.007158496602940525,0.017632035665276755,0.02418337106045422,0.4059937683223921,0.29600904625932956
all,8,9,comma,0.010702857224520006,0.03032855870331911,0.03611923967676393,0.3528969948495674,0.29632011416356924
all,8,9,newline,0.0034051019201376902,0.018254235077945196,0.024176513174693475,0.18653763938055895,0.1408433836398686
all,8,9,punct,0.01786135382021407,0.04796059435434686,0.06030261073721817,0.37241727423661974,0.29619536537230257
all,8,9,the,0.00911860652337366,0.03141413690026336,0.03666271952660974,0.29027079598985306,0.24871604292080382
all,8,10,initial,0.6912349368543286,0.07895076809628988,0.029359143063538897,8.755265509403088,23.54411146668558
all,8,10,boundary,0.006068300428548499,0.005866019483803245,0.009401445627791329,1.034483510548128,0.6454646092522388
all,8,10,period,0.020199062660949788,0.02093954641347036,0.02418337106045422,0.9646370681628414,0.8352459469135071
all,8,10,comma,0.019005509626508484,0.03421208110105792,0.03611923967676393,0.5555204189528473,0.5261879761753409
all,8,10,newline,0.011005610724870113,0.02145017505103525,0.024176513174693475,0.513077897904565,0.45521910646693775
all,8,10,punct,0.039204572291519635,0.05515162749411828,0.06030261073721817,0.7108506869665933,0.6501305965402085
all,8,10,the,0.012561702958716645,0.033861591832597494,0.03666271952660974,0.37097201516155204,0.34262878261388613
all,8,11,initial,0.8255515291927301,0.09295956065080037,0.029359143063538897,8.880759799348537,28.119060812029698
all,8,11,boundary,0.002551279661441389,0.004060563624902954,0.009401445627791329,0.6283067813036334,0.2713709957434236
all,8,11,period,0.003437717114689173,0.017435947930007096,0.02418337106045422,0.19716261647999622,0.14215210551479684
all,8,11,comma,0.0022842897337318688,0.0316557180832712,0.03611923967676393,0.0721604143593579,0.06324301824108962
all,8,11,newline,0.003633028043347869,0.021320781879386765,0.024176513174693475,0.17039844335447812,0.150270968236673
all,8,11,punct,0.005722006848878621,0.04909166598033305,0.06030261073721817,0.11655760167460916,0.09488821095679453
all,8,11,the,0.0018067355000047876,0.031637937966037144,0.03666271952660974,0.05710661364670135,0.04927990949207852
all,8,12,initial,0.7873750363276869,0.09063940594688052,0.029359143063538897,8.686895375165303,26.818733592586614
all,8,12,boundary,0.0060300499183119005,0.004860709375902876,0.009401445627791329,1.2405699357805813,0.6413960317428898
all,8,12,period,0.0058887790416050755,0.01751459794970187,0.02418337106045422,0.3362211943726241,0.24350530068302523
all,8,12,comma,0.009481517795628655,0.032914512670257044,0.03611923967676393,0.28806496060312503,0.2625060184123495
all,8,12,newline,0.010288961309993612,0.022220897605783888,0.024176513174693475,0.46303085917265074,0.42557672546277187
all,8,12,punct,0.01537029683957088,0.05042911058411338,0.06030261073721817,0.30479016309307994,0.25488609285177244
all,8,12,the,0.005557620391233567,0.03148746856641714,0.03666271952660974,0.17650261022129388,0.15158778353034766
all,9,1,initial,0.5873844277264374,0.07503701772293914,0.029359143063538897,7.827928741721188,20.00686554288125
all,9,1,boundary,0.0196627599850156,0.008543803929620362,0.009401445627791329,2.3014058078799216,2.0914613308926775
all,9,1,period,0.03075684253542179,0.02109749836069332,0.02418337106045422,1.4578431058311994,1.2718178312913875
all,9,1,comma,0.018780688326058496,0.03318477364216491,0.03611923967676393,0.5659429390289877,0.5199635566564932
all,9,1,newline,0.0385909800408282,0.025464403925005118,0.024176513174693475,1.515487272134152,1.5962177739188181
all,9,1,punct,0.04953753086170898,0.05428227191239677,0.06030261073721817,0.9125913326114081,0.8214823579957362
all,9,1,the,0.015829759603426297,0.03294328976302717,0.03666271952660974,0.4805154469178823,0.43176719588237544
all,9,2,initial,0.8235162301344914,0.0920192874618507,0.029359143063538897,8.949387164901752,28.049736613641688
all,9,2,boundary,0.0020207961336918896,0.003957085475857851,0.009401445627791329,0.5106779082788966,0.21494525562305816
all,9,2,period,0.0034377902765662413,0.017098452314202976,0.02418337106045422,0.2010585644474156,0.14215513081167896
all,9,2,comma,0.007551274082904577,0.0322782177871973,0.03611923967676393,0.23394334014003967,0.2090651450717671
all,9,2,newline,0.006502481038955223,0.021330925107343558,0.024176513174693475,0.3048382105432748,0.2689585959716321
all,9,2,punct,0.010989064361143039,0.04937667008283461,0.06030261073721817,0.22255580100293754,0.1822319834381681
all,9,2,the,0.005190736910132467,0.031614994156623,0.03666271952660974,0.16418592027622006,0.14158079316415792
all,9,3,initial,0.4099452322168763,0.06586303698122876,0.029359143063538897,6.224207856277753,13.963119813465777
all,9,3,boundary,0.015184876333546019,0.008832881994311556,0.009401445627791329,1.7191304427394363,1.6151639795329418
all,9,3,period,0.03846337131483344,0.02339240092136181,0.02418337106045422,1.6442677878228782,1.5904884070414214
all,9,3,comma,0.026889707121386084,0.03423260148226197,0.03611923967676393,0.7854999607704167,0.744470463997188
all,9,3,newline,0.028557046993427853,0.02416747095147938,0.024176513174693475,1.1816315844864922,1.1811896441427152
all,9,3,punct,0.06535307844134527,0.0576250022369599,0.06030261073721817,1.134109777082641,1.083752057205875
all,9,3,the,0.011690560807148843,0.03373635135083647,0.03666271952660974,0.34652712397895347,0.3188678024461294
all,9,4,initial,0.6287900277458573,0.0796410898216355,0.029359143063538897,7.895296625825915,21.417179186226022
all,9,4,boundary,0.005707588885567469,0.006112317265113822,0.009401445627791329,0.9337847886502311,0.6070969414209489
all,9,4,period,0.023791138242623282,0.020526738441884962,0.02418337106045422,1.1590315875062396,0.9837808874184486
all,9,4,comma,0.013046347178717612,0.03226510572897303,0.03611923967676393,0.4043485023203383,0.3612021541835093
all,9,4,newline,0.014418457105661897,0.022566802026133707,0.024176513174693475,0.6389233657903526,0.5963828200318925
all,9,4,punct,0.036837485405162684,0.05279184409695922,0.06030261073721817,0.6977874335570805,0.6108771238062991
all,9,4,the,0.010540567889489545,0.03306235655772446,0.03666271952660974,0.31880872953161954,0.28750098262184887
all,9,5,initial,0.7146420745555682,0.077891040805178,0.029359143063538897,9.174894405930965,24.341380571256582
all,9,5,boundary,0.0043022995067237965,0.0051776149748260355,0.009401445627791329,0.830942340757648,0.4576210592555999
all,9,5,period,0.010874169911016435,0.018942723805363652,0.02418337106045422,0.5740552426751533,0.4496548427360645
all,9,5,comma,0.010274483553913734,0.0312722175334216,0.03611923967676393,0.3285498875458087,0.2844601283377366
all,9,5,newline,0.009705958646295908,0.021039751598530672,0.024176513174693475,0.4613152679508693,0.40146230253151327
all,9,5,punct,0.021148653473635374,0.05021494133189004,0.06030261073721817,0.4211625646210699,0.35070875398405654
all,9,5,the,0.012205141578980741,0.03461651849444188,0.03666271952660974,0.3525814296125831,0.33290333441092035
all,9,6,initial,0.4478398626387697,0.0580202504202303,0.029359143063538897,7.718682001458898,15.253846533243737
all,9,6,boundary,0.00933233408422531,0.008695719888248828,0.009401445627791329,1.073210062439659,0.9926488386677768
all,9,6,period,0.021428525811402765,0.022491399070950113,0.02418337106045422,0.9527431238850697,0.8860851432926856
all,9,6,comma,0.026852242520486475,0.0345187266663635,0.03611923967676393,0.7779036225763343,0.7434332162246744
all,9,6,newline,0.01720628780624301,0.023259490203590263,0.024176513174693475,0.7397534363666793,0.7116943490533416
all,9,6,punct,0.04828076833264946,0.05701012569621558,0.06030261073721817,0.8468805803010957,0.8006414273346054
all,9,6,the,0.018445482376771485,0.03494824387758436,0.03666271952660974,0.5277942560256176,0.5031127700001574
all,9,7,initial,0.6726739117184092,0.08128806344137027,0.029359143063538897,8.275186826213188,22.911905509728673
all,9,7,boundary,0.004347042421600103,0.005268936463511063,0.009401445627791329,0.8250322340579834,0.46238021190591605
all,9,7,period,0.016433603103814327,0.018919578151743624,0.02418337106045422,0.8686030403008648,0.6795414527913903
all,9,7,comma,0.011891085572800575,0.033292452315201414,0.03611923967676393,0.35717061213214013,0.3292174940340811
all,9,7,newline,0.00930447880238425,0.021761388880866206,0.024176513174693475,0.4275682426945301,0.3848561095287976
all,9,7,punct,0.028324688672664987,0.05221203041699273,0.06030261073721817,0.5424935296798291,0.4697091606215197
all,9,7,the,0.007217022006786435,0.030923685353806126,0.03666271952660974,0.23338169187192803,0.19684906357119344
all,9,8,initial,0.4875020481134299,0.05624163404813777,0.029359143063538897,8.66799225101056,16.604777838998253
all,9,8,boundary,0.004389421726783774,0.005622840479081687,0.009401445627791329,0.7806413401044319,0.46688795538085515
all,9,8,period,0.011217810463698036,0.017361897571401417,0.02418337106045422,0.6461166135535816,0.4638646297761988
all,9,8,comma,0.020143103700439337,0.033082394849830186,0.03611923967676393,0.6088768298629605,0.5576834916986836
all,9,8,newline,0.013046779396059811,0.020364311222594685,0.024176513174693475,0.64066882760975,0.5396468589902533
all,9,8,punct,0.03136091416121987,0.050444292422642915,0.06030261073721817,0.6216940045162157,0.5200589788372831
all,9,8,the,0.03163369710509977,0.04256435408020819,0.03666271952660974,0.7431969258945945,0.8628300768070434
all,9,9,initial,0.5355230416468297,0.06986866608205154,0.029359143063538897,7.66470968571131,18.240418001569516
all,9,9,boundary,0.0064744804707653515,0.008016571841914953,0.009401445627791329,0.8076370546463867,0.6886686076901126
all,9,9,period,0.02347524516061516,0.02230663988576556,0.02418337106045422,1.0523882252474661,0.9707184784921478
all,9,9,comma,0.01893769653049874,0.033666028650113825,0.03611923967676393,0.5625164977822447,0.5243104976731184
all,9,9,newline,0.014547512629173044,0.02375946054642705,0.024176513174693475,0.6122829514898519,0.6017208736452744
all,9,9,punct,0.04241294169183155,0.05597266844763569,0.06030261073721817,0.7577437858177207,0.7033350824005818
all,9,9,the,0.009054120984082226,0.03298260597777434,0.03666271952660974,0.2745119955101012,0.24695715705188648
all,9,10,initial,0.6381180680236359,0.0766425034322644,0.029359143063538897,8.325903244895906,21.734901003160218
all,9,10,boundary,0.004506985296772633,0.005981141947485241,0.009401445627791329,0.7535325756091754,0.4793927950239557
all,9,10,period,0.013941957134931092,0.01979276330836406,0.02418337106045422,0.704396698819688,0.5765100779406901
all,9,10,comma,0.010223852961246917,0.03162414315024488,0.03611923967676393,0.3232926474141561,0.2830583659219184
all,9,10,newline,0.00868691739663498,0.021483564232883844,0.024176513174693475,0.4043517780601014,0.3593122520963
all,9,10,punct,0.024165810091059132,0.05141690638821813,0.06030261073721817,0.4699973566787087,0.40074235253871415
all,9,10,the,0.011313561299000702,0.032607394728569015,0.03666271952660974,0.34696305525716564,0.30858489073046913
all,9,11,initial,0.5821172173324832,0.07215463721381442,0.029359143063538897,8.06763417862537,19.82745940754021
all,9,11,boundary,0.007797971593186848,0.006070858482291263,0.009401445627791329,1.2844924018462276,0.829443885750453
all,9,11,period,0.024424870101992138,0.02008368495003255,0.02418337106045422,1.216154812364379,1.00998616119044
all,9,11,comma,0.014982365663815753,0.03188711231455086,0.03611923967676393,0.46985645849715085,0.414802908308564
all,9,11,newline,0.013550819212175972,0.02116201658282459,0.024176513174693475,0.6403368582167174,0.5604951844900512
all,9,11,punct,0.03940723576202468,0.05197079718344568,0.06030261073721817,0.7582572886639712,0.6534913709416387
all,9,11,the,0.012632652632835062,0.032481977981122095,0.03666271952660974,0.38891266536098623,0.34456398204902133
all,9,12,initial,0.6376064088253701,0.0775796419674176,0.029359143063538897,8.218733583394934,21.717473410087816
all,9,12,boundary,0.006419978345046632,0.005912475328593032,0.009401445627791329,1.0858359634921924,0.6828714007629558
all,9,12,period,0.015530426942569432,0.019680391408718592,0.02418337106045422,0.7891320157224776,0.6421944609684922
all,9,12,comma,0.011890724773624541,0.03245061253776241,0.03611923967676393,0.3664252796395581,0.3292075049208201
all,9,12,newline,0.011352000013181499,0.022094457475305054,0.024176513174693475,0.5137940148957998,0.46954661870199266
all,9,12,punct,0.027421151724337525,0.05213100388042947,0.06030261073721817,0.5260046744396518,0.45472578034525235
all,9,12,the,0.006147969830062527,0.032484497837844836,0.03666271952660974,0.1892585768372281,0.1676899561583352
all,10,1,initial,0.5614678769790841,0.07293534552054937,0.029359143063538897,7.698158868951841,19.124123471995023
all,10,1,boundary,0.002146585644123733,0.005785764806362032,0.009401445627791329,0.3710115630285119,0.22832506075217582
all,10,1,period,0.007261375331837202,0.019138482733672274,0.02418337106045422,0.37941227802042676,0.30026315659983993
all,10,1,comma,0.0054948562246691845,0.03156024232356971,0.03611923967676393,0.17410690856975886,0.15213100480085995
all,10,1,newline,0.004507784216623659,0.021139059645921613,0.024176513174693475,0.21324431134255076,0.18645303332418248
all,10,1,punct,0.012756231560708988,0.050698724974164174,0.06030261073721817,0.25160852797007227,0.2115369700376168
all,10,1,the,0.004030969713482836,0.032504703206112935,0.03666271952660974,0.12401189107688143,0.10994737339539597
all,10,2,initial,0.80382511600889,0.09155123634299127,0.029359143063538897,8.780057464187669,27.37903876381051
all,10,2,boundary,0.0022385061976223316,0.004302617946814435,0.009401445627791329,0.5202660857396537,0.2381023393897159
all,10,2,period,0.01041059050720901,0.018114617050971987,0.02418337106045422,0.5747066293433127,0.43048549688066007
all,10,2,comma,0.006944847331741836,0.03174096717528972,0.03611923967676393,0.2187975966009122,0.1922755681983407
all,10,2,newline,0.004772065352446721,0.021195840876962118,0.024176513174693475,0.22514159169941242,0.19738435058707443
all,10,2,punct,0.01735543783488436,0.04985558418737997,0.06030261073721817,0.3481142206589081,0.2878057454347123
all,10,2,the,0.004599355577715037,0.03175816214359573,0.03666271952660974,0.14482436221966738,0.12545047495390604
all,10,3,initial,0.6062990073125959,0.0776351062025908,0.029359143063538897,7.809598478946407,20.651113896629983
all,10,3,boundary,0.0028999724342800223,0.0061776242930259954,0.009401445627791329,0.4694316612219103,0.3084602676111322
all,10,3,period,0.012585204490489431,0.02029793744448952,0.02418337106045422,0.6200238090647018,0.5204073683122428
all,10,3,comma,0.009264465329923812,0.03239946316011684,0.03611923967676393,0.2859450258215452,0.25649668743951404
all,10,3,newline,0.005745196435673171,0.022243603221248406,0.024176513174693475,0.25828533167616563,0.23763544371182932
all,10,3,punct,0.021849669810774647,0.05269740051941758,0.06030261073721817,0.41462519204763487,0.3623337288992241
all,10,3,the,0.004999488051257083,0.03265329075999651,0.03666271952660974,0.15310824529152653,0.13636435364890112
all,10,4,initial,0.45266684437094534,0.05274135296426102,0.029359143063538897,8.582768907685868,15.418258066704679
all,10,4,boundary,0.010840364438877856,0.008758680514550152,0.009401445627791329,1.2376709506494221,1.1530529312250641
all,10,4,period,0.02774213288982935,0.022510143457194307,0.02418337106045422,1.2324280803711574,1.1471573925934
all,10,4,comma,0.024325751795719365,0.03405422773116341,0.03611923967676393,0.714323989014104,0.6734846030374361
all,10,4,newline,0.02192293253625428,0.024132483553644845,0.024176513174693475,0.9084407946459847,0.906786366497295
all,10,4,punct,0.052067884676621524,0.05656437116344885,0.06030261073721817,0.9205067360541455,0.8634432910959483
all,10,4,the,0.021818000962121328,0.03697539821182088,0.03666271952660974,0.5900680457079217,0.5951004520078185
all,10,5,initial,0.7620746697656918,0.08924390847600633,0.029359143063538897,8.53923458507624,25.956979334049837
all,10,5,boundary,0.00513514459657886,0.00564464403546521,0.009401445627791329,0.9097375431142916,0.5462079769305919
all,10,5,period,0.019374400590881122,0.01917792570806973,0.02418337106045422,1.0102448453394894,0.8011455699227578
all,10,5,comma,0.00835977450546029,0.031591738490102,0.03611923967676393,0.2646190081650457,0.23144934888644028
all,10,5,newline,0.014013018471901664,0.02269311002656488,0.024176513174693475,0.6175010148674123,0.5796128817520987
all,10,5,punct,0.027734175102693714,0.05076966415773221,0.06030261073721817,0.5462745433282487,0.45991665640400636
all,10,5,the,0.005696062152803466,0.03191352203670607,0.03666271952660974,0.17848428469449437,0.15536387443024444
all,10,6,initial,0.7023549314508741,0.082014829393549,0.029359143063538897,8.56375531893893,23.922868931523016
all,10,6,boundary,0.005788555114056048,0.005628869916521142,0.009401445627791329,1.028368962136826,0.6157090455264322
all,10,6,period,0.008485907544566372,0.018055509037216463,0.02418337106045422,0.4699899364274366,0.3508984551141807
all,10,6,comma,0.010571728174965312,0.031397597754733816,0.03611923967676393,0.3367050007311917,0.2926896653853506
all,10,6,newline,0.009894384700348906,0.02154297828120739,0.024176513174693475,0.45928583184712607,0.4092560671944106
all,10,6,punct,0.019057635719920803,0.0494531067367045,0.06030261073721817,0.3853678156437454,0.3160333439453994
all,10,6,the,0.009884083220038873,0.03225363236153788,0.03666271952660974,0.30644868488752103,0.26959492769937654
all,10,7,initial,0.7735062903757218,0.09058624486161505,0.029359143063538897,8.538893422035278,26.34635107372527
all,10,7,boundary,0.002342688036526516,0.005118463681183612,0.009401445627791329,0.45769359371224144,0.2491838095198218
all,10,7,period,0.002146349951971778,0.01790012406912549,0.02418337106045422,0.11990698744227407,0.08875313315940431
all,10,7,comma,0.001875224812969707,0.0317105724994229,0.03611923967676393,0.05913563411710193,0.05191761592301923
all,10,7,newline,0.0039388111509578334,0.0221973217588693,0.024176513174693475,0.17744533298860785,0.16291890904602177
all,10,7,punct,0.004021574765267633,0.04961069653678896,0.06030261073721817,0.0810626547499776,0.0666898947840339
all,10,7,the,0.0009883443460264897,0.031815598116603366,0.03666271952660974,0.031064773398388822,0.026957747782707476
all,10,8,initial,0.6418345993178799,0.0787510554675639,0.029359143063538897,8.150171391445536,21.861489551272832
all,10,8,boundary,0.007020805201224755,0.00608840953321596,0.009401445627791329,1.1531427317630347,0.7467793230086621
all,10,8,period,0.02413689837788982,0.021232407323490615,0.02418337106045422,1.1367951834263184,0.9980783207416275
all,10,8,comma,0.015070145660281616,0.03317016654692489,0.03611923967676393,0.4543283085106706,0.4172331919261434
all,10,8,newline,0.013175887559205452,0.02189263652800404,0.024176513174693475,0.6018410593146911,0.5449870899082826
all,10,8,punct,0.039207044032054945,0.05440257378835751,0.06030261073721817,0.7206836239877589,0.6501715854875376
all,10,8,the,0.01016992148425774,0.03308381322654242,0.03666271952660974,0.30739870929082125,0.2773913560033764
all,10,9,initial,0.5189692354813261,0.06984952948240236,0.029359143063538897,7.429817198869942,17.676579808823973
all,10,9,boundary,0.0050270351687035425,0.006344206567300928,0.009401445627791329,0.7923820126875595,0.5347087424345971
all,10,9,period,0.01595077657233058,0.020483016192395564,0.02418337106045422,0.7787318245763236,0.659576224193741
all,10,9,comma,0.005751784907815832,0.03262431129134297,0.03611923967676393,0.17630364228844575,0.15924435174409404
all,10,9,newline,0.008034795371701138,0.02153938139047361,0.024176513174693475,0.37302813976146726,0.3323388825197291
all,10,9,punct,0.02170256147919384,0.05310732738872307,0.06030261073721817,0.4086547477778407,0.35989422703052615
all,10,9,the,0.0035260847450627646,0.032549224129224695,0.03666271952660974,0.10833083858047568,0.09617630090161583
all,10,10,initial,0.7624673453814604,0.0905106470497811,0.029359143063538897,8.424062474794832,25.97035423449972
all,10,10,boundary,0.001913206701204772,0.0045592981398848344,0.009401445627791329,0.41962746074181906,0.20350133127922365
all,10,10,period,0.00390219380932614,0.017993454971050375,0.02418337106045422,0.21686740070788907,0.16135855499927343
all,10,10,comma,0.0020012245345642278,0.0315947257148007,0.03611923967676393,0.06334046234896555,0.0554060537395987
all,10,10,newline,0.0030027443414004508,0.02159665782005354,0.024176513174693475,0.1390374550738243,0.12420088536768584
all,10,10,punct,0.005903418344362092,0.04958818064280115,0.06030261073721817,0.11904889971435376,0.09789656321991648
all,10,10,the,0.0014389377680348132,0.03190947681079384,0.03666271952660974,0.045094370445712594,0.039247982326854794
all,10,11,initial,0.6623969025292706,0.07436483162041414,0.029359143063538897,8.907394639315418,22.56186091997695
all,10,11,boundary,0.00280391288596508,0.004976597655167334,0.009401445627791329,0.5634196453582504,0.2982427380823772
all,10,11,period,0.010240955170235525,0.018829492085456513,0.02418337106045422,0.5438784606487296,0.4234709521941717
all,10,11,comma,0.013974638821507322,0.03235270836870967,0.03611923967676393,0.43194648998916796,0.3869029067767843
all,10,11,newline,0.006501317251063938,0.019877334597333617,0.024176513174693475,0.3270718827631969,0.2689104588443766
all,10,11,punct,0.024215593981130445,0.05118220043793943,0.06030261073721817,0.4731253008649534,0.4015679202788615
all,10,11,the,0.014179250151016998,0.03507229149103183,0.03666271952660974,0.4042863910002204,0.38674845549102604
all,10,12,initial,0.7254875992883173,0.08872130290079909,0.029359143063538897,8.177152223513875,24.710789334628092
all,10,12,boundary,0.0059785671494803246,0.004849328524010965,0.009401445627791329,1.2328649461215193,0.6359199836041453
all,10,12,period,0.021398869075303074,0.018372623891484058,0.02418337106045422,1.1647149150656548,0.8848588156634418
all,10,12,comma,0.01725853391779966,0.032836686332262464,0.03611923967676393,0.5255869530550934,0.4778210746474363
all,10,12,newline,0.01584999195295237,0.022237391981661535,0.024176513174693475,0.7127630778835644,0.6555946193904915
all,10,12,punct,0.03865740300041012,0.05120931017211654,0.06030261073721817,0.7548901336589195,0.6410568717972795
all,10,12,the,0.00740306537023345,0.03201819263128402,0.03666271952660974,0.2312143429045441,0.2019235197449092
all,11,1,initial,0.551710765231228,0.07564459405933756,0.029359143063538897,7.293459262911133,18.791787077613897
all,11,1,boundary,0.0015536183796987279,0.005709699210085878,0.009401445627791329,0.27210161560776164,0.16525313672039155
all,11,1,period,0.002807164271464001,0.019111488243385807,0.02418337106045422,0.14688360402469008,0.11607828637482255
all,11,1,comma,0.002731404198736278,0.032342315045581285,0.03611923967676393,0.084452958759656,0.07562186311727467
all,11,1,newline,0.0027394556988629194,0.02161370842527353,0.024176513174693475,0.12674621332726016,0.11331062006618958
all,11,1,punct,0.0055385684698909836,0.05145380318850125,0.06030261073721817,0.10764157606776728,0.09184624682381512
all,11,1,the,0.0014914462840087369,0.0326839472565443,0.03666271952660974,0.04563237947675078,0.040680186938294303
all,11,2,initial,0.7116281319531366,0.08744156627969964,0.029359143063538897,8.138327825428576,24.238722854173055
all,11,2,boundary,0.001081195964694215,0.004617863925566964,0.009401445627791329,0.23413335302240848,0.11500316094985694
all,11,2,period,0.0016840144732779548,0.01786805466245783,0.02418337106045422,0.09424721969404985,0.06963522451308428
all,11,2,comma,0.00169834848118732,0.031729615095289355,0.03611923967676393,0.05352565658571321,0.04702060443093696
all,11,2,newline,0.00188035962401451,0.0214874561727013,0.024176513174693475,0.08750964324960019,0.07777629513517928
all,11,2,punct,0.003382362954024211,0.049597669715098006,0.06030261073721817,0.06819600544649354,0.056089826172926384
all,11,2,the,0.001358536559785742,0.031926557128329515,0.03666271952660974,0.04255192798663113,0.037054986027419995
all,11,3,initial,0.6826905893213099,0.08579187160745876,0.029359143063538897,7.957520643039063,23.253082961033115
all,11,3,boundary,0.006779558425086822,0.005537266183486037,0.009401445627791329,1.2243511871084891,0.7211187187049165
all,11,3,period,0.0129399221183164,0.018749522283185976,0.02418337106045422,0.6901467633615681,0.5350752004742781
all,11,3,comma,0.008229434548728343,0.03207007739042038,0.03611923967676393,0.25660787931826284,0.22784074699176093
all,11,3,newline,0.012886129482259043,0.022355430258233812,0.024176513174693475,0.5764205534587242,0.533001983749562
all,11,3,punct,0.021169356669154458,0.050819599596886575,0.06030261073721817,0.4165589032002405,0.3510520756954382
all,11,3,the,0.0030106666282499178,0.031894578726517867,0.03666271952660974,0.09439430613161798,0.08211792979690939
all,11,4,initial,0.5169677769420001,0.07421651201705518,0.029359143063538897,6.965670615498603,17.608408250308305
all,11,4,boundary,0.021844910411854573,0.00825072463256886,0.009401445627791329,2.6476353756401116,2.3235692973939557
all,11,4,period,0.0343170218630561,0.021223094636107036,0.02418337106045422,1.6169659727508472,1.4190338384698113
all,11,4,comma,0.015764191945185312,0.03274048475605404,0.03611923967676393,0.4814892651297827,0.43644860983401773
all,11,4,newline,0.03978271402156686,0.024949440449990017,0.024176513174693475,1.594533316340679,1.6455108201131758
all,11,4,punct,0.050081213803184706,0.053963579268473894,0.06030261073721817,0.9280558199082004,0.8304982684982672
all,11,4,the,0.011050756152823901,0.03318825714760671,0.03666271952660974,0.3329718732645411,0.30141670600303616
all,11,5,initial,0.4952688562431571,0.07047446044863437,0.029359143063538897,7.027636012965804,16.869322621961373
all,11,5,boundary,0.01839771012992109,0.007884659422508211,0.009401445627791329,2.3333550815652786,1.9569022529403537
all,11,5,period,0.04010741796874333,0.02095151742166323,0.02418337106045422,1.9142965715348845,1.6584709331251528
all,11,5,comma,0.022168803927354156,0.033375265617255706,0.03611923967676393,0.6642285392297349,0.6137671813068561
all,11,5,newline,0.03454319592291391,0.023725932046807625,0.024176513174693475,1.4559257716310356,1.4287914751524904
all,11,5,punct,0.062276221904832375,0.054326782910025406,0.06030261073721817,1.146326334249768,1.0327284531048688
all,11,5,the,0.010568273359558395,0.032797554683400294,0.03666271952660974,0.3222274788951652,0.28825666769994956
all,11,6,initial,0.7430919808276997,0.08073026047115653,0.029359143063538897,9.204627564569709,25.310411111778844
all,11,6,boundary,0.004590048386560731,0.005715414290229923,0.009401445627791329,0.8030998547921676,0.48822793517969487
all,11,6,period,0.01251907308682532,0.01956857184375568,0.02418337106045422,0.6397540498500992,0.5176727866239085
all,11,6,comma,0.012804467012179065,0.032716967800151334,0.03611923967676393,0.3913708351701174,0.35450544160862774
all,11,6,newline,0.009554526025111476,0.02180386884063805,0.024176513174693475,0.4382032425045481,0.395198677165431
all,11,6,punct,0.025323540086061747,0.05228553963336124,0.06030261073721817,0.4843316194809596,0.41994102372142095
all,11,6,the,0.009502699012823478,0.03292014549597108,0.03666271952660974,0.28865908305254795,0.2591924204075051
all,11,7,initial,0.6778603110757837,0.08405026567232846,0.029359143063538897,8.064939541279202,23.08855914522989
all,11,7,boundary,0.0018205349959631895,0.005069591202283679,0.009401445627791329,0.35910883606218585,0.1936441551692392
all,11,7,period,0.0031536311522880967,0.018470634798293962,0.02418337106045422,0.1707375619044442,0.13040494414135098
all,11,7,comma,0.0028548382877821325,0.031677489216381256,0.03611923967676393,0.0901219875186895,0.07903926863717163
all,11,7,newline,0.0033956938302756473,0.021641112908199537,0.024176513174693475,0.1569093902277578,0.14045424192228248
all,11,7,punct,0.0060084694395266085,0.05014812394848419,0.06030261073721817,0.11981444102872017,0.09963862867745196
all,11,7,the,0.0031226749491893874,0.03272855302191394,0.03666271952660974,0.09541133538957706,0.08517303106560209
all,11,8,initial,0.532328079446493,0.07451496891893253,0.029359143063538897,7.1439079579517974,18.131594586886663
all,11,8,boundary,0.008096242537244796,0.006420138993597273,0.009401445627791329,1.2610696661425993,0.8611699580872688
all,11,8,period,0.016325883556088355,0.019517930257619734,0.02418337106045422,0.8364556764267966,0.6750871710679411
all,11,8,comma,0.018273647806926425,0.03278605678867642,0.03611923967676393,0.557360341461915,0.5059255945158266
all,11,8,newline,0.013997761128461505,0.022199991002038837,0.024176513174693475,0.6305300361237064,0.5789818005316631
all,11,8,punct,0.03459953136920165,0.0523039869309595,0.06030261073721817,0.6615084891114043,0.5737650649982086
all,11,8,the,0.012124022594387945,0.032683022870522035,0.03666271952660974,0.37095781018845186,0.33069076028548156
all,11,9,initial,0.727582213479509,0.08809553729672151,0.029359143063538897,8.259013291773023,24.78213386217982
all,11,9,boundary,0.00922752588231179,0.00549428344215143,0.009401445627791329,1.6794775841958585,0.9815007444211111
all,11,9,period,0.015177937409729662,0.018487926704008256,0.02418337106045422,0.8209648195132138,0.627618762156337
all,11,9,comma,0.014847081730305637,0.03198969210802952,0.03611923967676393,0.4641208074203055,0.41105742709908144
all,11,9,newline,0.01724609119715627,0.02258670260961706,0.024176513174693475,0.7635506384102811,0.7133407151205098
all,11,9,punct,0.030025019144088616,0.05047761875953975,0.06030261073721817,0.5948184538402813,0.4979057917563339
all,11,9,the,0.011886851587692772,0.03206240226456987,0.03666271952660974,0.37074114065458463,0.32422176372010036
all,11,10,initial,0.5913559964084205,0.0672732446961978,0.029359143063538897,8.790359363205253,20.142140904065595
all,11,10,boundary,0.006309885422097577,0.00641487820442456,0.009401445627791329,0.9836329266151045,0.6711611885990294
all,11,10,period,0.018524956536388113,0.019460524699240263,0.02418337106045422,0.9519248233379507,0.7660204398335925
all,11,10,comma,0.009963241013960868,0.029310928357637458,0.03611923967676393,0.3399155732085428,0.27584304384929725
all,11,10,newline,0.009848089195444318,0.02045956703539039,0.024176513174693475,0.4813439687364531,0.4073411713378382
all,11,10,punct,0.028488197550384904,0.048771453034097065,0.06030261073721817,0.5841162355869991,0.472420633238061
all,11,10,the,0.011976587476715529,0.033691215926651294,0.03666271952660974,0.35548101032594376,0.32666936963099374
all,11,11,initial,0.6759739906882518,0.08495137574399922,0.029359143063538897,7.957187094006552,23.024309300353643
all,11,11,boundary,0.0032952809591228105,0.005102932376396003,0.009401445627791329,0.6457622237687061,0.35050789948534405
all,11,11,period,0.004338839792353621,0.01845525937298298,0.02418337106045422,0.23510045048217174,0.17941418429660927
all,11,11,comma,0.00397274701354306,0.03190925352472664,0.03611923967676393,0.12450140867333542,0.1099897741230359
all,11,11,newline,0.005498465957105437,0.021831519325929846,0.024176513174693475,0.25185906097587857,0.22743006476471145
all,11,11,punct,0.008311586807317193,0.05036451282573491,0.06030261073721817,0.16502863506445348,0.13783129296900185
all,11,11,the,0.0031787429146884674,0.03224429362866445,0.03666271952660974,0.09858311524190552,0.08670232202445706
all,11,12,initial,0.5786671625149459,0.07260936788497008,0.029359143063538897,7.969593722833225,19.70994729861827
all,11,12,boundary,0.005802278114750484,0.005787857622032915,0.009401445627791329,1.0024915078530394,0.617168714734524
all,11,12,period,0.01106445374542754,0.018151873713928693,0.02418337106045422,0.6095488498764356,0.4575232178246916
all,11,12,comma,0.011012633287721922,0.031423954866898515,0.03611923967676393,0.3504534465622738,0.30489659766582855
all,11,12,newline,0.009332000795087735,0.02135795956562379,0.024176513174693475,0.4369331614480552,0.3859944867838061
all,11,12,punct,0.0220770870232835,0.04957582850190413,0.06030261073721817,0.44531957791558746,0.36610499534571134
all,11,12,the,0.019489096615532074,0.03737462487255554,0.03666271952660974,0.5214526348287997,0.5315780407775512
all,12,1,initial,0.1714221462981138,0.04199923829426083,0.029359143063538897,4.081553696214022,5.83879937936618
all,12,1,boundary,0.016620715511040208,0.010190031203724385,0.009401445627791329,1.631076017212337,1.7678893405401626
all,12,1,period,0.02325388510522022,0.02277466691275373,0.02418337106045422,1.0210417212380012,0.9615650790408646
all,12,1,comma,0.034955968921711746,0.034650166428892404,0.03611923967676393,1.0088254263784533,0.9677935979421922
all,12,1,newline,0.035740883811391205,0.02505888959319161,0.024176513174693475,1.4262756407650978,1.4783307896029698
all,12,1,punct,0.058209854032388764,0.0574248331434021,0.06030261073721817,1.0136704078360368,0.9652957528829216
all,12,1,the,0.03298790909848474,0.03521529197617724,0.03666271952660974,0.9367495553011657,0.8997671074166271
all,12,2,initial,0.5890753925582226,0.07851640186310302,0.029359143063538897,7.502577532593799,20.064461393963335
all,12,2,boundary,0.004575769493837861,0.005701448442223147,0.009401445627791329,0.8025626365312963,0.4867091376151309
all,12,2,period,0.010965155611873015,0.019228871611412568,0.02418337106045422,0.570244361367781,0.45341716770842383
all,12,2,comma,0.013817584040369703,0.03254787557721713,0.03611923967676393,0.4245310575674481,0.3825546762341947
all,12,2,newline,0.007836163080939349,0.02166897290330218,0.024176513174693475,0.3616305727044949,0.32412296282417496
all,12,2,punct,0.024782739644939152,0.05177674710154135,0.06030261073721817,0.4786461304016797,0.41097291380858064
all,12,2,the,0.01113771261338687,0.03296311311159817,0.03666271952660974,0.33788412446602417,0.30378850115859896
all,12,3,initial,0.6293980944597066,0.08196650606698194,0.029359143063538897,7.678722988941005,21.437890509868314
all,12,3,boundary,0.0044510289035128705,0.005627286142848105,0.009401445627791329,0.7909725559575148,0.4734409025730382
all,12,3,period,0.01434698598445711,0.01943019480411632,0.02418337106045422,0.7383861113640341,0.5932583157489558
all,12,3,comma,0.00841154807752723,0.03225548489956755,0.03611923967676393,0.2607788443955466,0.23288275591632987
all,12,3,newline,0.007561886460304206,0.022033307300939498,0.024176513174693475,0.3432025141310387,0.3127782077450083
all,12,3,punct,0.022758534061976612,0.051685679627722095,0.06030261073721817,0.4403257193462512,0.37740545199861925
all,12,3,the,0.003911584744990368,0.03246546898753878,0.03666271952660974,0.12048446755818472,0.10669106917045111
all,12,4,initial,0.5509634488511166,0.06676927609581973,0.029359143063538897,8.251751120686647,18.76633277949307
all,12,4,boundary,0.007679946500097136,0.007150257409466608,0.009401445627791329,1.0740797233298542,0.8168899554547949
all,12,4,period,0.03453912326128018,0.021279939537565802,0.02418337106045422,1.6230837122590382,1.4282178929868126
all,12,4,comma,0.018804800644185327,0.03239170395044565,0.03611923967676393,0.580543730362373,0.5206311321188399
all,12,4,newline,0.013590756280760192,0.02250377634671218,0.024176513174693475,0.6039322499197257,0.5621470797942104
all,12,4,punct,0.05334392389082299,0.053671643410480675,0.06030261073721817,0.9938939913363323,0.8846038876041508
all,12,4,the,0.013745274317361169,0.03447150973710355,0.03666271952660974,0.3987430322080262,0.37491147669459907
all,12,5,initial,0.44855762958074163,0.07034535068719983,0.029359143063538897,6.376507120922805,15.27829434973547
all,12,5,boundary,0.012015541565700777,0.007081474028081278,0.009401445627791329,1.6967571324915787,1.278052550788785
all,12,5,period,0.033168060226943484,0.02124129182652722,0.02418337106045422,1.5614897859235426,1.3715234383175574
all,12,5,comma,0.03054036529964195,0.033435039906985826,0.03611923967676393,0.9134239224658718,0.8455428622792701
all,12,5,newline,0.024817873513459734,0.02294096797319257,0.024176513174693475,1.0818145748017434,1.0265282397892512
all,12,5,punct,0.0637084255359264,0.054676331593974295,0.06030261073721817,1.1651920251165406,1.056478728815736
all,12,5,the,0.020165535564915776,0.033591737692506105,0.03666271952660974,0.6003123669727408,0.5500283619244247
all,12,6,initial,0.6654538240673664,0.08407879968114639,0.029359143063538897,7.914644673698715,22.665982539994268
all,12,6,boundary,0.0038683761127631658,0.005372643915532545,0.009401445627791329,0.7200134930922044,0.4114660942491627
all,12,6,period,0.011358982329185387,0.01886910689189384,0.02418337106045422,0.6019883396847575,0.46970218919396756
all,12,6,comma,0.009812088860956079,0.03214310711601052,0.03611923967676393,0.3052626127754982,0.2716582339153819
all,12,6,newline,0.006804914459217219,0.021948576091711476,0.024176513174693475,0.3100389943649686,0.2814679854802303
all,12,6,punct,0.021171071198305188,0.051012213940107326,0.06030261073721817,0.41501965045394473,0.35108050778369726
all,12,6,the,0.006071172022721765,0.03221166092203084,0.03666271952660974,0.1884774596819827,0.16559524500945214
all,12,7,initial,0.6767645499320921,0.08551235307389994,0.029359143063538897,7.914231401716088,23.051236491046144
all,12,7,boundary,0.002004576725739857,0.004999737006201613,0.009401445627791329,0.40093643390710443,0.21322005201138308
all,12,7,period,0.005602433609498328,0.018458941439892546,0.02418337106045422,0.3035078489057139,0.23166470859224791
all,12,7,comma,0.003640421506378073,0.03197803019320669,0.03611923967676393,0.11384133057549718,0.10078898501066769
all,12,7,newline,0.0034017351002140275,0.021743685754445307,0.024176513174693475,0.15644703196276522,0.14070412369368301
all,12,7,punct,0.009242855114922736,0.05043697157597707,0.06030261073721817,0.18325555294293425,0.15327454320676928
all,12,7,the,0.0027280759526009525,0.03207146152268804,0.03666271952660974,0.08506241446686341,0.07441008162585756
all,12,8,initial,0.6313559801916739,0.08121617193970518,0.029359143063538897,7.773771714584038,21.50457793762225
all,12,8,boundary,0.004933515624607691,0.00551755557640058,0.009401445627791329,0.8941487867759925,0.5247613845708872
all,12,8,period,0.02197632531536351,0.019193266982904546,0.02418337106045422,1.1450018037542975,0.908737051605689
all,12,8,comma,0.011916195610494057,0.03229753768102506,0.03611923967676393,0.3689505908524684,0.32991269243576943
all,12,8,newline,0.00904635291911727,0.02177121767857114,0.024176513174693475,0.4155189228584751,0.37417938863849276
all,12,8,punct,0.033892520921074074,0.05149080458047723,0.06030261073721817,0.6582247295845216,0.5620406895609903
all,12,8,the,0.009573344951365324,0.03242932023280615,0.03666271952660974,0.29520646386169813,0.26111933525326747
all,12,9,initial,0.00013294186786335846,0.011036938845813377,0.029359143063538897,0.012045175724950861,0.004528124937967243
all,12,9,boundary,0.01132979301434709,0.009980018534474326,0.009401445627791329,1.135247692698184,1.205111794813282
all,12,9,period,0.046284204653381,0.022059009438159954,0.02418337106045422,2.0981995942806844,1.913885559530908
all,12,9,comma,0.03530827664635397,0.03148461787532613,0.03611923967676393,1.121445297070744,0.9775476162381219
all,12,9,newline,0.02551022322247037,0.021810783441077557,0.024176513174693475,1.1696151718431826,1.0551655252409575
all,12,9,punct,0.08159248129055642,0.05354362713748486,0.06030261073721817,1.5238504683489233,1.3530505610464119
all,12,9,the,0.03250140623353352,0.03435661977495347,0.03666271952660974,0.9460012785433441,0.8864974189910833
all,12,10,initial,0.7121607424455456,0.08735997969073589,0.029359143063538897,8.152025045869681,24.256864068010813
all,12,10,boundary,0.0013813088863229301,0.004718265953515,0.009401445627791329,0.29275774191869935,0.1469251582160604
all,12,10,period,0.004064554628696517,0.01810920577051023,0.02418337106045422,0.22444687415918618,0.1680722930866767
all,12,10,comma,0.003263847978563246,0.03188099667684531,0.03611923967676393,0.10237597060237862,0.0903631418538118
all,12,10,newline,0.0024296370997233764,0.021630932586524515,0.024176513174693475,0.1123223462513574,0.10049576140973773
all,12,10,punct,0.007328402606628938,0.049990202395522966,0.06030261073721817,0.146596778077563,0.12152711992129259
all,12,10,the,0.0017881019284453114,0.03192643331840229,0.03666271952660974,0.05600694291819486,0.04877166646482703
all,12,11,initial,0.4714536299966929,0.06652436871309189,0.029359143063538897,7.086931287239882,16.058153638080494
all,12,11,boundary,0.007423568138625383,0.006743039637308842,0.009401445627791329,1.100923105590425,0.7896198555550646
all,12,11,period,0.028984875217352452,0.0202139733221572,0.02418337106045422,1.4339029123770128,1.198545692612304
all,12,11,comma,0.02154181721134124,0.032225885530036094,0.03611923967676393,0.6684631580182092,0.5964083796924283
all,12,11,newline,0.012534925977490443,0.021628117116743707,0.024176513174693475,0.5795662151184837,0.5184753436906383
all,12,11,punct,0.05052669240983231,0.05243985874546352,0.06030261073721817,0.963516943382371,0.837885653574991
all,12,11,the,0.01796744779885452,0.03434840948356968,0.03666271952660974,0.5230940258660047,0.4900740597219958
all,12,12,initial,0.45086095447122776,0.06414719940286588,0.029359143063538897,7.028536844448501,15.356747759819724
all,12,12,boundary,0.015424956540500962,0.007411080122385388,0.009401445627791329,2.081337171610036,1.6407004998150194
all,12,12,period,0.04449806630982859,0.021745357683732498,0.02418337106045422,2.046324873428832,1.8400274386309157
all,12,12,comma,0.026398178180716766,0.03235551005610132,0.03611923967676393,0.8158789070221697,0.7308619565903854
all,12,12,newline,0.02219300765313125,0.022086495178907255,0.024176513174693475,1.0048225159021933,0.9179573370555999
all,12,12,punct,0.0708962444865961,0.05410086762856036,0.06030261073721817,1.310445610102735,1.1756745457595859
all,12,12,the,0.01477640331506881,0.0343370825097918,0.03666271952660974,0.43033368693613006,0.4030362042385896
discovery,1,1,initial,0.09694701728179428,0.04038428192428905,0.02887046509761203,2.4006126310119105,3.357999843577618
discovery,1,1,boundary,0.008734323188865722,0.010304463135462941,0.00943671621803957,0.8476252546148123,0.9255680670113691
discovery,1,1,period,0.015253956386325774,0.0240071965801774,0.02414451921298136,0.635390989338625,0.6317771851975601
discovery,1,1,comma,0.02233836293067522,0.03532241845695839,0.037128354856760484,0.6324131785567091,0.601652376380683
discovery,1,1,newline,0.02248093523970529,0.028502989354680187,0.027704447021683946,0.7887220164861032,0.8114558367510359
discovery,1,1,punct,0.037592319315284665,0.05932961477027734,0.06127287406974185,0.6336181258017789,0.6135230293342603
discovery,1,1,the,0.02065039693088952,0.03394821817761328,0.03556399806415672,0.6082910396901821,0.5806545398421356
discovery,1,2,initial,0.0015232477846935809,0.0018493076122777514,0.02887046509761203,0.8236854564273546,0.05276145637222774
discovery,1,2,boundary,0.005832182741836056,0.005220556227572654,0.00943671621803957,1.1171573463825681,0.6180309555867584
discovery,1,2,period,0.01091387811184553,0.004643546872105801,0.02414451921298136,2.350332280999717,0.4520230042923222
discovery,1,2,comma,0.016938338230553747,0.007614388521278376,0.037128354856760484,2.2245171996700237,0.4562103086953648
discovery,1,2,newline,0.014569152107049503,0.01049458059404896,0.027704447021683946,1.3882548212847177,0.5258777443074897
discovery,1,2,punct,0.027852216433310692,0.01225793532791041,0.06127287406974185,2.272178445083917,0.4545603067616645
discovery,1,2,the,0.01566741887990753,0.0067094917324029245,0.03556399806415672,2.3351126292090134,0.4405415513644959
discovery,1,3,initial,0.11770119190161592,0.04373344579800625,0.02887046509761203,2.6913313084280626,4.076872038731075
discovery,1,3,boundary,0.008258619097457712,0.00960580592351554,0.00943671621803957,0.8597528581376144,0.875158148940649
discovery,1,3,period,0.03236089253294802,0.024406651287690314,0.02414451921298136,1.3259046540837616,1.3402997279626552
discovery,1,3,comma,0.033074157350753544,0.035029548456533645,0.037128354856760484,0.9441788092642289,0.8908058942646974
discovery,1,3,newline,0.02155633701060066,0.027222064423501707,0.027704447021683946,0.7918700314290037,0.7780821971912585
discovery,1,3,punct,0.06543504989466588,0.05943619949718711,0.06127287406974185,1.1009292392216745,1.0679285228270272
discovery,1,3,the,0.0204736625238568,0.03354758655083843,0.03556399806415672,0.6102871958562729,0.5756850646241385
discovery,1,4,initial,0.0028519498869771483,0.0025457719988872204,0.02887046509761203,1.1202691710898545,0.09878434162160561
discovery,1,4,boundary,0.0026954395847009526,0.002902892672727447,0.00943671621803957,0.9285357361036778,0.2856332141840031
discovery,1,4,period,0.002779409649606365,0.002919317702764966,0.02414451921298136,0.9520750848644907,0.1151155516947303
discovery,1,4,comma,0.009062486288954308,0.007098303605357124,0.037128354856760484,1.2767115627619543,0.24408531764784544
discovery,1,4,newline,0.004657686487344235,0.00488569641141361,0.027704447021683946,0.9533311313538199,0.16812053616153097
discovery,1,4,punct,0.01184189593015134,0.010017621331745993,0.06127287406974185,1.1821065638231096,0.19326490082173536
discovery,1,4,the,0.003351037206601914,0.0032413926322892284,0.03556399806415672,1.033826378581989,0.09422554799819502
discovery,1,5,initial,0.013987868062279961,0.010025121060811345,0.02887046509761203,1.3952817105580075,0.4845044239843903
discovery,1,5,boundary,0.004335484902781751,0.005230100843751588,0.00943671621803957,0.8289486249507719,0.45942728408997613
discovery,1,5,period,0.006033841225647035,0.009173359348565693,0.02414451921298136,0.6577569891656387,0.24990521337044994
discovery,1,5,comma,0.011302659666656091,0.013383399688212295,0.037128354856760484,0.844528291014961,0.30442123574452035
discovery,1,5,newline,0.009709355148506113,0.011760133128221885,0.027704447021683946,0.8256160914714197,0.3504619724373749
discovery,1,5,punct,0.017336500901781324,0.022556759014786022,0.06127287406974185,0.7685723330385007,0.28293924783173413
discovery,1,5,the,0.009315588747948607,0.011986874099151027,0.03556399806415672,0.7771491275284509,0.26193873734734424
discovery,1,6,initial,0.015935605793356667,0.01070872486411382,0.02887046509761203,1.4880955478423703,0.5519691400702358
discovery,1,6,boundary,0.005587849559629878,0.005841329642451752,0.00943671621803957,0.9566057561655633,0.5921391965722081
discovery,1,6,period,0.006757570188294921,0.008779245585564312,0.02414451921298136,0.7697210566026738,0.2798800890871207
discovery,1,6,comma,0.008415986578113965,0.013835028755273529,0.037128354856760484,0.6083100170576823,0.2266727575348399
discovery,1,6,newline,0.017408508810965267,0.013842288511864432,0.027704447021683946,1.2576322763424685,0.6283651428718223
discovery,1,6,punct,0.015173556782349653,0.02261427428165566,0.06127287406974185,0.6709725279425924,0.24763905745760917
discovery,1,6,the,0.03284225104395706,0.013743858533773657,0.03556399806415672,2.3895946661013507,0.923469036993825
discovery,1,7,initial,0.052240890327503856,0.03357615887673403,0.02887046509761203,1.5558923973195518,1.8094925090702771
discovery,1,7,boundary,0.0024869737959224954,0.009311599191177359,0.00943671621803957,0.2670834241103157,0.2635422893366557
discovery,1,7,period,0.00675470487930095,0.022822181597606777,0.02414451921298136,0.295971042488299,0.27976141581934116
discovery,1,7,comma,0.010323200222761836,0.03473275604636708,0.037128354856760484,0.2972179981623314,0.27804087368234537
discovery,1,7,newline,0.0073836844791173506,0.026390162186503675,0.027704447021683946,0.27978928007094545,0.2665162193397409
discovery,1,7,punct,0.017077905093029075,0.05755493740851602,0.06127287406974185,0.29672354557199415,0.27871885156865184
discovery,1,7,the,0.008379491374229107,0.03280711050638007,0.03556399806415672,0.25541692776020397,0.23561724863196418
discovery,1,8,initial,0.02432057967091088,0.01742746153868693,0.02887046509761203,1.3955319664267818,0.8424034593374983
discovery,1,8,boundary,0.011149847961021272,0.0103230359652264,0.00943671621803957,1.0800938792211927,1.1815389700610914
discovery,1,8,period,0.04618715229649066,0.032694161458695005,0.02414451921298136,1.412703376865694,1.9129456208702644
discovery,1,8,comma,0.046368761203185185,0.037084065730157885,0.037128354856760484,1.2503688657168113,1.248877344069614
discovery,1,8,newline,0.03132919324824138,0.027255688381340515,0.027704447021683946,1.1494552186650924,1.1308362597427186
discovery,1,8,punct,0.09255591356063696,0.06977822711348632,0.06127287406974185,1.3264297100885831,1.5105528337921315
discovery,1,8,the,0.03771170219763816,0.0333711065429908,0.03556399806415672,1.130070474260586,1.0603898394552556
discovery,1,9,initial,0.054374926050358485,0.03096907526066095,0.02887046509761203,1.7557813913620228,1.8834101171046258
discovery,1,9,boundary,0.014029622529987774,0.01135500485352379,0.00943671621803957,1.2355452693297593,1.4867059902859256
discovery,1,9,period,0.046059063838661735,0.026307613681723095,0.02414451921298136,1.7507883609626185,1.9076405470065423
discovery,1,9,comma,0.06845880589191512,0.038760175045950265,0.037128354856760484,1.7662150857357344,1.843841617977045
discovery,1,9,newline,0.03637181791405153,0.028815847266225235,0.027704447021683946,1.262215807087601,1.3128512503997547
discovery,1,9,punct,0.11451786977573244,0.06506778850790251,0.06127287406974185,1.7599778999992324,1.8689815275416364
discovery,1,9,the,0.059786573922585066,0.03588225269437928,0.03556399806415672,1.6661878626129358,1.6810982222733033
discovery,1,10,initial,0.09606305931449037,0.04099595134680237,0.02887046509761203,2.3432328354049323,3.3273817719838554
discovery,1,10,boundary,0.014331892974764272,0.011155035393900715,0.00943671621803957,1.2847913492592395,1.5187373068787322
discovery,1,10,period,0.03232990894430429,0.025620663336072422,0.02414451921298136,1.2618685363538436,1.3390164723976792
discovery,1,10,comma,0.039473273664862786,0.036816751817748454,0.037128354856760484,1.0721552477053038,1.0631570888920043
discovery,1,10,newline,0.03692800346602752,0.029914074432648444,0.027704447021683946,1.2344691977407138,1.332926928197643
discovery,1,10,punct,0.07180318264233963,0.06243741490848819,0.06127287406974185,1.1500024904550972,1.1718592237180192
discovery,1,10,the,0.03273167031680298,0.03511472154066621,0.03556399806415672,0.9321352663695929,0.9203596923426809
discovery,1,11,initial,0.0594365815729671,0.031916043253496826,0.02887046509761203,1.8622791397068004,2.0587330814384175
discovery,1,11,boundary,0.012125878565246934,0.009794180558408517,0.00943671621803957,1.2380697387528357,1.2849680211922303
discovery,1,11,period,0.031107660846490956,0.022349480695923414,0.02414451921298136,1.3918739889184562,1.2883942965311086
discovery,1,11,comma,0.03809472494930536,0.03211720684147192,0.037128354856760484,1.186115752136791,1.026027818799758
discovery,1,11,newline,0.0303752953676599,0.02587025574060117,0.027704447021683946,1.174139740721173,1.0964050408183752
discovery,1,11,punct,0.06920238576109734,0.05446668728579594,0.06127287406974185,1.2705451572257496,1.1294130855087683
discovery,1,11,the,0.03290045088786781,0.030598201348755478,0.03556399806415672,1.0752413356873989,0.9251055190284309
discovery,1,12,initial,0.09301362065450641,0.04370055065599456,0.02887046509761203,2.1284313185593096,3.2217569180137615
discovery,1,12,boundary,0.010781831726559507,0.008828387914911933,0.00943671621803957,1.2212684615215008,1.1425406335679105
discovery,1,12,period,0.03407557758107571,0.023641506467393214,0.02414451921298136,1.4413454416736664,1.41131729650491
discovery,1,12,comma,0.04164400043576943,0.036858789754160716,0.037128354856760484,1.1298254965375945,1.121622560343169
discovery,1,12,newline,0.036273899258092795,0.02788690867127284,0.027704447021683946,1.3007501005466284,1.309316848291599
discovery,1,12,punct,0.07571957804416021,0.06050029605616036,0.06127287406974185,1.2515571489744828,1.2357765029591214
discovery,1,12,the,0.02841821193709421,0.0346330461803608,0.03556399806415672,0.8205519026278777,0.7990724745240493
discovery,2,1,initial,0.03526453169813146,0.016635032957133547,0.02887046509761203,2.1198955114188145,1.2214743191320565
discovery,2,1,boundary,0.00810704572620888,0.009095042389262268,0.00943671621803957,0.8913697571965327,0.859096060418894
discovery,2,1,period,0.021523632387022682,0.02034670434469738,0.02414451921298136,1.0578436695391422,0.891450030425557
discovery,2,1,comma,0.029878326365852748,0.029927980249165726,0.037128354856760484,0.998340887594165,0.8047306830890294
discovery,2,1,newline,0.019428811181882725,0.023330148267425146,0.027704447021683946,0.8327770127809395,0.7012885392253461
discovery,2,1,punct,0.05140195877150351,0.05027468455075235,0.06127287406974185,1.0224223032093454,0.838902361802009
discovery,2,1,the,0.042771249098896895,0.03598556250217125,0.03556399806415672,1.188566917533003,1.2026558156295712
discovery,2,2,initial,0.05795342090954512,0.02594510709346302,0.02887046509761203,2.233693647930508,2.007360141708927
discovery,2,2,boundary,0.019277279764266235,0.014182087216257366,0.00943671621803957,1.3592695821365484,2.0427953240148393
discovery,2,2,period,0.07108078340543575,0.037050164675582385,0.02414451921298136,1.9185011464275885,2.94397178831455
discovery,2,2,comma,0.06807848002846792,0.043859709715616174,0.037128354856760484,1.5521872002775408,1.8335980759479276
discovery,2,2,newline,0.05535797553290609,0.035941400897460625,0.027704447021683946,1.5402286541595909,1.9981620816895587
discovery,2,2,punct,0.1391592634273417,0.08090987437983665,0.06127287406974185,1.7199292978017677,2.2711398076243037
discovery,2,2,the,0.03249809770980136,0.033174452861067655,0.03556399806415672,0.979612168613637,0.9137920222348302
discovery,2,3,initial,0.03634749961473987,0.02807330441762663,0.02887046509761203,1.2947353497836915,1.2589855927796012
discovery,2,3,boundary,0.012541392605282711,0.011802656127041055,0.00943671621803957,1.0625906974065895,1.3289996557603512
discovery,2,3,period,0.029576062573519638,0.025750680517074784,0.02414451921298136,1.1485546004855411,1.224959681848541
discovery,2,3,comma,0.04026107432323823,0.03696217815855838,0.037128354856760484,1.0892505888188846,1.0843753912222514
discovery,2,3,newline,0.03476178394288744,0.029919053811283874,0.027704447021683946,1.1618610722835474,1.2547366101795787
discovery,2,3,punct,0.06983713688026834,0.06271285851054077,0.06127287406974185,1.1136015569842048,1.139772500320101
discovery,2,3,the,0.029504023214542582,0.03382667256400487,0.03556399806415672,0.8722118073752828,0.8296036672063116
discovery,2,4,initial,0.4376193199177133,0.05982244818017789,0.02887046509761203,7.3153027539036435,15.1580280552498
discovery,2,4,boundary,0.005717299856686986,0.00643948866747078,0.00943671621803957,0.8878499756615852,0.6058569235935681
discovery,2,4,period,0.01743962283644789,0.020666169595023907,0.02414451921298136,0.8438730146029131,0.7223015162410619
discovery,2,4,comma,0.02344511413627164,0.033940060364552896,0.037128354856760484,0.6907799775382188,0.6314611629500373
discovery,2,4,newline,0.019758058726010348,0.025755031071450163,0.027704447021683946,0.7671533639853555,0.7131728242237049
discovery,2,4,punct,0.040884736967942405,0.05460622986452474,0.06127287406974185,0.7487192774409686,0.6672567198562726
discovery,2,4,the,0.016402070999233086,0.03184896972409015,0.03556399806415672,0.5149953402362895,0.46119873726356886
discovery,2,5,initial,0.14498895665796244,0.040297698664923574,0.02887046509761203,3.597946321043031,5.022051295943789
discovery,2,5,boundary,0.008094900981377851,0.008995058316459869,0.00943671621803957,0.8999275709602862,0.8578090931571455
discovery,2,5,period,0.01812235155443187,0.022244242505960642,0.02414451921298136,0.8146985247789734,0.7505782738754369
discovery,2,5,comma,0.027972969644932448,0.034064793266231734,0.037128354856760484,0.8211695114751193,0.7534125805695109
discovery,2,5,newline,0.024813352086582606,0.026701956981962042,0.027704447021683946,0.9292709183579599,0.8956450950694481
discovery,2,5,punct,0.04609532121283926,0.05630903568406649,0.06127287406974185,0.8186132234880847,0.7522957248646892
discovery,2,5,the,0.02297627574711169,0.03219449896900881,0.03556399806415672,0.7136708593983462,0.6460543526535729
discovery,2,6,initial,0.11947793284651177,0.04227274339722934,0.02887046509761203,2.826358623659676,4.138413857987836
discovery,2,6,boundary,0.01678585720125875,0.011640608834916476,0.00943671621803957,1.442008527157866,1.7787816029870958
discovery,2,6,period,0.0404007000910507,0.022166232919517286,0.02414451921298136,1.822623638294355,1.6732865846145804
discovery,2,6,comma,0.0733168830291724,0.03587241084128636,0.037128354856760484,2.0438236881695824,1.9746870905545268
discovery,2,6,newline,0.040759963882475284,0.028718895693811045,0.027704447021683946,1.4192733702939386,1.4712426438460562
discovery,2,6,punct,0.11371758315007766,0.058038643543860784,0.06127287406974185,1.9593425381166836,1.855920501144476
discovery,2,6,the,0.03594555438609968,0.03164972152999386,0.03556399806415672,1.1357305103627764,1.0107287240668115
discovery,2,7,initial,0.16752062053331804,0.0501697604871652,0.02887046509761203,3.3390755488293475,5.802491229944689
discovery,2,7,boundary,0.016946117955622522,0.009778092583758974,0.00943671621803957,1.733069901973454,1.7957642853800886
discovery,2,7,period,0.0281986849664458,0.02317663113244816,0.02414451921298136,1.2166861009824061,1.1679124656698363
discovery,2,7,comma,0.030628822509276885,0.03409116966713168,0.037128354856760484,0.8984385929945681,0.82494424079498
discovery,2,7,newline,0.03975522931786396,0.027829254321645215,0.027704447021683946,1.4285409468173527,1.4349764601599162
discovery,2,7,punct,0.058827507498445064,0.057267800570116614,0.06127287406974185,1.0272353209447742,0.9600905521664705
discovery,2,7,the,0.029542628468975308,0.03330959128500586,0.03556399806415672,0.8869105662750587,0.8306891822365139
discovery,2,8,initial,0.11101133761941316,0.0446408107294736,0.02887046509761203,2.486767955271904,3.845152381303177
discovery,2,8,boundary,0.011988679505194562,0.010017227519472273,0.00943671621803957,1.1968061503934124,1.2704291649966717
discovery,2,8,period,0.03437505301845285,0.02475825030214499,0.02414451921298136,1.3884282046972718,1.4237207506692044
discovery,2,8,comma,0.034834102832554344,0.03633903602890576,0.037128354856760484,0.9585863203648463,0.9382075496461596
discovery,2,8,newline,0.02715398505179913,0.02798219872172488,0.027704447021683946,0.9704021232154734,0.9801309165472973
discovery,2,8,punct,0.0692091558354611,0.061097286076255995,0.06127287406974185,1.1327697231769118,1.1295235760719504
discovery,2,8,the,0.029605617063297732,0.03487906739172194,0.03556399806415672,0.8488075879667647,0.8324603159040164
discovery,2,9,initial,0.174023668398562,0.04855693335676325,0.02887046509761203,3.5839097811213634,6.027740384859822
discovery,2,9,boundary,0.012624002874328964,0.009151712708753089,0.00943671621803957,1.3794142447516768,1.3377537887805147
discovery,2,9,period,0.032542810217116164,0.02378560624903031,0.02414451921298136,1.3681724096665757,1.3478342612686791
discovery,2,9,comma,0.03604460804554816,0.036366653540288466,0.037128354856760484,0.9911444836577132,0.9708108044271455
discovery,2,9,newline,0.03531607782613702,0.02800628042599935,0.027704447021683946,1.261005649052621,1.2747440076495857
discovery,2,9,punct,0.06858741825941864,0.06015225955346068,0.06127287406974185,1.140230122169578,1.119376547954177
discovery,2,9,the,0.04067948542476845,0.03538618900439135,0.03556399806415672,1.1495865073156144,1.143838928103176
discovery,2,10,initial,0.17881213285949762,0.05363463319356977,0.02887046509761203,3.333893087590563,6.193600700748245
discovery,2,10,boundary,0.006554761873545964,0.00853875401536848,0.00943671621803957,0.7676485189464848,0.6946019909993312
discovery,2,10,period,0.009018061161811279,0.022734371489941882,0.02414451921298136,0.39667079275981043,0.3735034473978134
discovery,2,10,comma,0.015324149829503966,0.035495271718305,0.037128354856760484,0.4317236941054677,0.41273441520971893
discovery,2,10,newline,0.018166995341809277,0.026751816505624398,0.027704447021683946,0.6790938977168067,0.6557429328075086
discovery,2,10,punct,0.024342211000099544,0.05822964300396928,0.06127287406974185,0.4180381287661378,0.3972754888630296
discovery,2,10,the,0.05329557960734117,0.03569018110208045,0.03556399806415672,1.493284089954771,1.4985823447407978
discovery,2,11,initial,0.00373381573778548,0.015935331036983358,0.02887046509761203,0.23431052226777657,0.12932994758350172
discovery,2,11,boundary,0.009120142949843566,0.009764177765666805,0.00943671621803957,0.9340410599561368,0.966453026573923
discovery,2,11,period,0.027291800783354254,0.024783439773459617,0.02414451921298136,1.1012111729777245,1.1303518012767364
discovery,2,11,comma,0.04040391099961862,0.03699078584041401,0.037128354856760484,1.0922696039475763,1.0882224961352336
discovery,2,11,newline,0.03206441669962181,0.027649223490793812,0.027704447021683946,1.159685974917093,1.15737436212047
discovery,2,11,punct,0.06769571179447086,0.061774225503491556,0.06127287406974185,1.0958569086494594,1.1048235099502337
discovery,2,11,the,0.03215323858500816,0.03507654638237686,0.03556399806415672,0.9166591897189336,0.9040951618264172
discovery,2,12,initial,0.03287238430929397,0.012543774480007612,0.02887046509761203,2.6206134654035984,1.1386163748367515
discovery,2,12,boundary,0.009753282764910871,0.0053436298708598035,0.00943671621803957,1.8252167535214305,1.0335462611735786
discovery,2,12,period,0.027731021019223402,0.010390205803297565,0.02414451921298136,2.668957818951222,1.1485431030788034
discovery,2,12,comma,0.032911946369073186,0.015271020151210625,0.037128354856760484,2.155189767493304,0.8864369696973106
discovery,2,12,newline,0.02618595356135544,0.013862527226429989,0.027704447021683946,1.888974004063983,0.9451895409015022
discovery,2,12,punct,0.060642967402268606,0.025661225863638563,0.06127287406974185,2.3632139682071256,0.9897196487509909
discovery,2,12,the,0.021032773926491284,0.01289999712410077,0.03556399806415672,1.6304479546895583,0.5914063398763152
discovery,3,1,initial,0.16086067780575367,0.029992052814945477,0.02887046509761203,5.363443402766831,5.571807633229261
discovery,3,1,boundary,0.006585652142920007,0.0075598728482593035,0.00943671621803957,0.8711326599145626,0.6978754039811682
discovery,3,1,period,0.01750527825213213,0.018873875118825066,0.02414451921298136,0.9274872352351278,0.7250207841256319
discovery,3,1,comma,0.01819976493749238,0.028816956796424483,0.037128354856760484,0.631564431527709,0.49018506227130854
discovery,3,1,newline,0.018091889613643927,0.022819494998325647,0.027704447021683946,0.7928260294529479,0.6530319699030129
discovery,3,1,punct,0.035705043213387064,0.04769083185672964,0.06127287406974185,0.7486772996673727,0.5827218611085055
discovery,3,1,the,0.014690566152631467,0.029828055816524715,0.03556399806415672,0.4925083365471278,0.41307409043634485
discovery,3,2,initial,0.2696382548383354,0.057509168894302146,0.02887046509761203,4.688613311973119,9.339588189060317
discovery,3,2,boundary,0.009939410503059232,0.008319152666487658,0.00943671621803957,1.1947623636116833,1.05327004366823
discovery,3,2,period,0.022526037936020794,0.0226273028064858,0.02414451921298136,0.995524660127146,0.93296692873924
discovery,3,2,comma,0.022800769784701982,0.03507575320700851,0.037128354856760484,0.6500436255819632,0.6141066544064859
discovery,3,2,newline,0.019321887260357544,0.026589962262733313,0.027704447021683946,0.7266609508294711,0.6974290894611442
discovery,3,2,punct,0.04532680769930029,0.05770305582526476,0.06127287406974185,0.7855183239611784,0.7397532495000729
discovery,3,2,the,0.022609191287550855,0.03425140037499864,0.03556399806415672,0.6600953841307504,0.6357325530938434
discovery,3,3,initial,0.05915591468057662,0.012343978888482229,0.02887046509761203,4.792289035407627,2.0490114890968485
discovery,3,3,boundary,0.007010565303687135,0.007732158742784832,0.00943671621803957,0.9066763289396971,0.7429030545906937
discovery,3,3,period,0.03529615475574841,0.030954173338119468,0.02414451921298136,1.1402712768388448,1.4618702673015476
discovery,3,3,comma,0.03725411424638637,0.039078215707163654,0.037128354856760484,0.9533217822828359,1.003387152221289
discovery,3,3,newline,0.01854022714466521,0.022137645096302817,0.027704447021683946,0.8374977132396794,0.669214842301454
discovery,3,3,punct,0.07255026900106354,0.07003238906247206,0.06127287406974185,1.0359530778872248,1.1840519985807352
discovery,3,3,the,0.026646597349606917,0.0297023088220814,0.03556399806415672,0.8971220893709517,0.7492576425613623
discovery,3,4,initial,0.08657710998487936,0.02198924765945883,0.02887046509761203,3.9372474823001777,2.998812443518287
discovery,3,4,boundary,0.011217969675494516,0.011166941161803424,0.00943671621803957,1.0045696053155213,1.1887577644911942
discovery,3,4,period,0.015492152621030361,0.021256092334536545,0.02414451921298136,0.7288335211010996,0.6416426222602505
discovery,3,4,comma,0.022779708716107648,0.03041229576793491,0.037128354856760484,0.7490295665256994,0.613539404155954
discovery,3,4,newline,0.03059706263635201,0.030102453252952334,0.027704447021683946,1.0164308662567616,1.1044097942977908
discovery,3,4,punct,0.038271861334634734,0.051668388099164825,0.06127287406974185,0.7407210238721066,0.6246134511508802
discovery,3,4,the,0.08032777382998924,0.052368632010062297,0.03556399806415672,1.5338910096898228,2.2586823248915824
discovery,3,5,initial,0.3005295298084402,0.038211873997354234,0.02887046509761203,7.86482049609105,10.40958393958461
discovery,3,5,boundary,0.005692807464493608,0.00703811031861626,0.00943671621803957,0.8088545371952698,0.6032614876784183
discovery,3,5,period,0.0424609851995854,0.030587521341752723,0.02414451921298136,1.388179994226113,1.758617963150666
discovery,3,5,comma,0.051691141925301325,0.044322351506472825,0.037128354856760484,1.166254500683529,1.3922281804492393
discovery,3,5,newline,0.020521448906446645,0.024232302515264738,0.027704447021683946,0.8468633508317873,0.740727612804715
discovery,3,5,punct,0.09415212714193612,0.07490987280464265,0.06127287406974185,1.2568720732909975,1.5366037348724744
discovery,3,5,the,0.04096941242086131,0.03994824151475392,0.03556399806415672,1.0255623493647459,1.1519911891501438
discovery,3,6,initial,0.09282764431210469,0.021799271905450848,0.02887046509761203,4.258291043605607,3.21531516718734
discovery,3,6,boundary,0.010148885292347858,0.009771242436348313,0.00943671621803957,1.0386483969116087,1.0754678913568343
discovery,3,6,period,0.0539056735367752,0.036107860896756924,0.02414451921298136,1.4929068684214637,2.232625676298109
discovery,3,6,comma,0.08130528333500324,0.05456307483432525,0.037128354856760484,1.4901154962743164,2.1898434134417037
discovery,3,6,newline,0.03391133660633157,0.029186957459877053,0.027704447021683946,1.16186610587791,1.224039468457521
discovery,3,6,punct,0.1352109568736969,0.09067093565134306,0.06127287406974185,1.4912271049415835,2.2067017244824756
discovery,3,6,the,0.02923616894897832,0.032293633786872625,0.03556399806415672,0.9053229853886197,0.8220720543353105
discovery,3,7,initial,0.13568878240026494,0.03609727841029131,0.02887046509761203,3.7589754235205763,4.69991674680323
discovery,3,7,boundary,0.04053678835309155,0.018308654722041847,0.00943671621803957,2.2140779302746467,4.2956455843824095
discovery,3,7,period,0.12622765321533996,0.041825046828113596,0.02414451921298136,3.0179919160423596,5.22800442211636
discovery,3,7,comma,0.05603726289902085,0.03685701993068996,0.037128354856760484,1.5203959246949306,1.5092848340630787
discovery,3,7,newline,0.10964043887959919,0.045061353772052594,0.027704447021683946,2.4331368168436844,3.95750324104231
discovery,3,7,punct,0.1822649161948323,0.0786820666559415,0.06127287406974185,2.3164734219785386,2.9746428409311303
discovery,3,7,the,0.024230096148582143,0.03160879826652246,0.03556399806415672,0.7665617637303455,0.6813096802241285
discovery,3,8,initial,0.26677386139463904,0.03466414908710356,0.02887046509761203,7.6959587475894375,9.240372834059565
discovery,3,8,boundary,0.009914397725562362,0.0086216214370023,0.00943671621803957,1.1499458423228512,1.0506194630087147
discovery,3,8,period,0.02123684099297309,0.022944482744452026,0.02414451921298136,0.9255750600047044,0.8795719146710136
discovery,3,8,comma,0.02452581489425781,0.03554487707353605,0.037128354856760484,0.6899957719228639,0.6605683173649168
discovery,3,8,newline,0.030662760299953122,0.027245275132667328,0.027704447021683946,1.1254340486798093,1.1067811704003239
discovery,3,8,punct,0.04576265589702831,0.05848935973979918,0.06127287406974185,0.7824099306371624,0.7468664819760285
discovery,3,8,the,0.021935083312041945,0.03381676129156927,0.03556399806415672,0.6486453011545639,0.6167777670123451
discovery,3,9,initial,0.12140576650705474,0.02417845682469555,0.02887046509761203,5.021237185950285,4.2051891473371725
discovery,3,9,boundary,0.009554118688506825,0.010155787823814462,0.00943671621803957,0.94075603530267,1.0124410300950688
discovery,3,9,period,0.03169265023227267,0.027920070466164442,0.02414451921298136,1.135120710768983,1.3126229581425268
discovery,3,9,comma,0.0326243318747482,0.03459664143287665,0.037128354856760484,0.9429912998359952,0.8786904779544205
discovery,3,9,newline,0.026587068694060408,0.027287788262697166,0.027704447021683946,0.9743211299541394,0.959667907222657
discovery,3,9,punct,0.0643169821590886,0.06251671187369394,0.06127287406974185,1.0287966246374545,1.0496811702660118
discovery,3,9,the,0.02578826102480408,0.032851260589657004,0.03556399806415672,0.7850006533059294,0.7251226641696074
discovery,3,10,initial,0.081181195529881,0.01855055323190295,0.02887046509761203,4.3762142570641425,2.81191159392149
discovery,3,10,boundary,0.007150773163972954,0.008781845933950835,0.00943671621803957,0.81426766283019,0.757760750535581
discovery,3,10,period,0.02729659940366412,0.025802449408100073,0.02414451921298136,1.057907292905882,1.1305505470155743
discovery,3,10,comma,0.01719354950820141,0.02718379524638541,0.037128354856760484,0.6324926064357261,0.46308406538704305
discovery,3,10,newline,0.015469959201938947,0.022012493660812822,0.027704447021683946,0.702780858920993,0.5583926360208811
discovery,3,10,punct,0.0444901489131587,0.0529862446766926,0.06127287406974185,0.8396546912245862,0.7260986135972541
discovery,3,10,the,0.013548825910668132,0.025547360859074227,0.03556399806415672,0.5303415090665106,0.38097026904079595
discovery,3,11,initial,0.03446200744275518,0.023688590183724947,0.02887046509761203,1.454793517700856,1.1936769056625156
discovery,3,11,boundary,0.010651028774300412,0.010056782937525526,0.00943671621803957,1.0590890586449409,1.1286795669387109
discovery,3,11,period,0.02058986846047465,0.022077815421184272,0.02414451921298136,0.9326044297262356,0.8527760805195266
discovery,3,11,comma,0.025615486679214917,0.032640030923015,0.037128354856760484,0.7847874513241664,0.6899170937693929
discovery,3,11,newline,0.02838944957027063,0.026586477068854704,0.027704447021683946,1.067815397156476,1.0247253644171472
discovery,3,11,punct,0.046205355165532654,0.054717846294815346,0.06127287406974185,0.8444293460780953,0.7540915269119075
discovery,3,11,the,0.02233056654635075,0.030693350680758638,0.03556399806415672,0.7275375953121196,0.6278980925054283
discovery,3,12,initial,0.5013490533389793,0.06263183950978782,0.02887046509761203,8.004699482930414,17.36546507456326
discovery,3,12,boundary,0.006007450766704604,0.006759406034463873,0.00943671621803957,0.8887542390669669,0.6366039444124156
discovery,3,12,period,0.012799790779188431,0.019770380370902264,0.02414451921298136,0.6474225856588456,0.5301323528656803
discovery,3,12,comma,0.015487311110969395,0.03225766765418308,0.037128354856760484,0.4801125511304921,0.417128934764784
discovery,3,12,newline,0.016413027749546266,0.025100950956538488,0.027704447021683946,0.653880714637661,0.5924329670503793
discovery,3,12,punct,0.028287101893569356,0.05202804801464436,0.06127287406974185,0.5436894708332585,0.46165782694267754
discovery,3,12,the,0.0149147144539158,0.03123219578938499,0.03556399806415672,0.47754293532524933,0.41937676486794206
discovery,4,1,initial,0.5988944093174589,0.079883629408595,0.02887046509761203,7.49708562006099,20.744189859518244
discovery,4,1,boundary,0.008018218518239178,0.005826657037797258,0.00943671621803957,1.376126733772961,0.8496831241900926
discovery,4,1,period,0.017158750360411888,0.018121799901101226,0.02414451921298136,0.9468568494329962,0.7106685458945251
discovery,4,1,comma,0.015964916005425236,0.03102281639747763,0.037128354856760484,0.5146185246650686,0.4299925506265268
discovery,4,1,newline,0.02353840960281505,0.0245740601992096,0.027704447021683946,0.9578559428926662,0.8496256786642163
discovery,4,1,punct,0.033123666390388225,0.04914461617798039,0.06127287406974185,0.6740039696399039,0.5405926667106604
discovery,4,1,the,0.020134030580544884,0.029611595004001432,0.03556399806415672,0.6799373886419884,0.5661351837952389
discovery,4,2,initial,0.3563485539965769,0.0481991296695353,0.02887046509761203,7.393257024344368,12.34301396918097
discovery,4,2,boundary,0.019604453588044097,0.012441006686544418,0.00943671621803957,1.5757931879618159,2.077465628410814
discovery,4,2,period,0.056474456367105845,0.03230444069790651,0.02414451921298136,1.7481948347356986,2.3390176407713357
discovery,4,2,comma,0.037766472075466455,0.03610432676725794,0.037128354856760484,1.0460372885201081,1.0171867894811877
discovery,4,2,newline,0.06190746697198645,0.03856449898983671,0.027704447021683946,1.605296803889545,2.234567862824773
discovery,4,2,punct,0.09424092843453206,0.06840876741736845,0.06127287406974185,1.3776147706266817,1.5380530106563208
discovery,4,2,the,0.041787770342331894,0.039260786277948566,0.03556399806415672,1.0643640717354315,1.1750020418668232
discovery,4,3,initial,0.16457168339602132,0.024489588040865998,0.02887046509761203,6.720067447496424,5.700347494908684
discovery,4,3,boundary,0.008532729266398599,0.009512615757568458,0.00943671621803957,0.8969908470874335,0.9042053474159923
discovery,4,3,period,0.016343322641367758,0.021209390085145826,0.02414451921298136,0.7705701378378599,0.6768957582961822
discovery,4,3,comma,0.024082952199340157,0.03186937101049651,0.037128354856760484,0.7556770477650214,0.6486404337668905
discovery,4,3,newline,0.02017348215091542,0.025957154028359627,0.027704447021683946,0.7771838980835408,0.728167652475643
discovery,4,3,punct,0.040426274881651195,0.05307876108355518,0.06127287406974185,0.7616280797890747,0.6597744188666147
discovery,4,3,the,0.07293138900197371,0.04941354179001605,0.03556399806415672,1.4759393146092883,2.0507083840913216
discovery,4,4,initial,0.48283911547602787,0.05092423306372191,0.02887046509761203,9.481519630778678,16.724327572955
discovery,4,4,boundary,0.0038100481871364855,0.005170284612897328,0.00943671621803957,0.7369126600172612,0.40374724629877695
discovery,4,4,period,0.01756407846615554,0.02140733945377303,0.02414451921298136,0.8204699376157126,0.7274561282923443
discovery,4,4,comma,0.02154181755918172,0.035243953187810685,0.037128354856760484,0.6112202409414185,0.5801985475060524
discovery,4,4,newline,0.011207533965278944,0.021277501151430737,0.027704447021683946,0.526731681766368,0.40453916862180783
discovery,4,4,punct,0.039105896038905776,0.0566512926224319,0.06127287406974185,0.6902913283821741,0.6382252608943195
discovery,4,4,the,0.011274701604699348,0.028022259786789783,0.03556399806415672,0.4023480508168885,0.3170257062875782
discovery,4,5,initial,0.5509885953053122,0.07776238566695698,0.02887046509761203,7.085541300971684,19.08485344598367
discovery,4,5,boundary,0.0091625439987904,0.006893103240363605,0.00943671621803957,1.3292335366657129,0.9709462261114674
discovery,4,5,period,0.025472681079273557,0.021070414131644986,0.02414451921298136,1.208931201832286,1.0550088346997653
discovery,4,5,comma,0.021186087638403628,0.033704727022648866,0.037128354856760484,0.628579119604411,0.5706174625872489
discovery,4,5,newline,0.024044659413937828,0.026595842273536077,0.027704447021683946,0.9040758764712341,0.8678989115039313
discovery,4,5,punct,0.04665876874212915,0.05477514102316735,0.06127287406974185,0.8518237994566669,0.7614914340238281
discovery,4,5,the,0.01691591560049158,0.03208569840912448,0.03556399806415672,0.5272104532304979,0.4756471859540543
discovery,4,6,initial,0.425753033183106,0.06113283696305695,0.02887046509761203,6.964391877321052,14.747009850503634
discovery,4,6,boundary,0.010132046427554659,0.009603177917186276,0.00943671621803957,1.0550722390992981,1.0736834925888594
discovery,4,6,period,0.017052324944089738,0.023086850532345007,0.02414451921298136,0.7386163357448512,0.7062606960059703
discovery,4,6,comma,0.02019352816796909,0.03510193033005131,0.037128354856760484,0.5752825550645314,0.5438842697414095
discovery,4,6,newline,0.020620878006478195,0.02870426260598846,0.027704447021683946,0.7183907940619294,0.7443165348270072
discovery,4,6,punct,0.03724585313460224,0.05818878074540549,0.06127287406974185,0.6400865021998785,0.6078685503181778
discovery,4,6,the,0.022529087378120195,0.03373434973595037,0.03556399806415672,0.6678381991786599,0.6334801654605363
discovery,4,7,initial,0.16563023879464647,0.024977225793748267,0.02887046509761203,6.631250410367963,5.737013180585937
discovery,4,7,boundary,0.007662763035431511,0.008647094393013012,0.00943671621803957,0.8861662296208012,0.8120158388129861
discovery,4,7,period,0.015043002018795444,0.017894812766777905,0.02414451921298136,0.8406347814224183,0.6230400318225238
discovery,4,7,comma,0.01130704899575314,0.024582971364423157,0.037128354856760484,0.45995452820308247,0.30453945614814404
discovery,4,7,newline,0.018034634148423018,0.02447265384734789,0.027704447021683946,0.7369300551103671,0.6509653173841558
discovery,4,7,punct,0.02635005101881506,0.04247778414891186,0.06127287406974185,0.6203254606323447,0.430044312738178
discovery,4,7,the,0.018374639648481027,0.02865645360657882,0.03556399806415672,0.6412042432306648,0.516664060529234
discovery,4,8,initial,0.20220254426593845,0.02834171024511656,0.02887046509761203,7.134451044667606,7.003785480500045
discovery,4,8,boundary,0.0061004052647344875,0.007058112212416546,0.00943671621803957,0.8643111757280831,0.646454245712373
discovery,4,8,period,0.02182884311352613,0.021648494985109266,0.02414451921298136,1.0083307467119962,0.9040910245911957
discovery,4,8,comma,0.020873733423768488,0.028569111190172358,0.037128354856760484,0.730639930826723,0.5622046412855729
discovery,4,8,newline,0.014564485050598914,0.02018522006187066,0.027704447021683946,0.7215420493785368,0.5257092855598042
discovery,4,8,punct,0.04270257649075277,0.05021760620310742,0.06127287406974185,0.8503506980806739,0.6969246528594033
discovery,4,8,the,0.01770613668995459,0.027404139628912656,0.03556399806415672,0.646111752812476,0.49786687812807445
discovery,4,9,initial,0.2152239165338825,0.032196124765181286,0.02887046509761203,6.684777068780583,7.454812931007626
discovery,4,9,boundary,0.011102031353104738,0.010153988442631394,0.00943671621803957,1.093366554022555,1.176471888799802
discovery,4,9,period,0.04195694480129251,0.031364369345225275,0.02414451921298136,1.3377263970933242,1.737741987371372
discovery,4,9,comma,0.05313805406678172,0.046620205581737295,0.037128354856760484,1.1398073732990506,1.431198723234195
discovery,4,9,newline,0.0361014868918023,0.031701239452580895,0.027704447021683946,1.1388036403372603,1.3030935742390415
discovery,4,9,punct,0.09509499891199011,0.07798457489883558,0.06127287406974185,1.2194078000085375,1.5519918129472976
discovery,4,9,the,0.016308497111521835,0.02944961029665155,0.03556399806415672,0.5537763300513395,0.45856759642438516
discovery,4,10,initial,0.409249045498808,0.049798371600514126,0.02887046509761203,8.218121041825047,14.17535339715252
discovery,4,10,boundary,0.008222105292128051,0.007038381451645599,0.00943671621803957,1.1681812570993426,0.8712888151082021
discovery,4,10,period,0.020516971983674043,0.021555194475178164,0.02414451921298136,0.951834232221858,0.8497569076729862
discovery,4,10,comma,0.021470900410639402,0.031867505785774096,0.037128354856760484,0.6737552839866175,0.5782884938875736
discovery,4,10,newline,0.02519606185887035,0.026099473980911832,0.027704447021683946,0.9653858111200936,0.9094591146016986
discovery,4,10,punct,0.04198787237638633,0.05342270025907497,0.06127287406974185,0.7859556363262226,0.6852603703328002
discovery,4,10,the,0.020913160351202803,0.033305661061684554,0.03556399806415672,0.6279160864716086,0.5880430066798421
discovery,4,11,initial,0.541370128930842,0.06240384222630407,0.02887046509761203,8.67526917601633,18.75169406174965
discovery,4,11,boundary,0.005119964811568179,0.005704591966988336,0.00943671621803957,0.8975163940202365,0.5425578870095371
discovery,4,11,period,0.013111151044483446,0.01742386566886692,0.02414451921298136,0.7524823304802297,0.5430280441216739
discovery,4,11,comma,0.013984119426328085,0.02968356948175587,0.037128354856760484,0.47110639557425904,0.37664258166778963
discovery,4,11,newline,0.013222830353052476,0.022697508231166178,0.027704447021683946,0.5825674879542977,0.47728187257096744
discovery,4,11,punct,0.02709527045307281,0.04710743514286317,0.06127287406974185,0.5751803376876861,0.4422066185802302
discovery,4,11,the,0.011321604196520106,0.02741648381933286,0.03556399806415672,0.4129488037607735,0.31834452853405754
discovery,4,12,initial,0.26734345146782384,0.037697233157001325,0.02887046509761203,7.0918587142561,9.26010199572215
discovery,4,12,boundary,0.013563335225237411,0.011571992148922494,0.00943671621803957,1.172082995796047,1.4372939602983128
discovery,4,12,period,0.019431117323252683,0.020409407534521404,0.02414451921298136,0.9520667021022537,0.8047837752265323
discovery,4,12,comma,0.015028553958514526,0.027756611911813073,0.037128354856760484,0.5414405045638315,0.40477295631584026
discovery,4,12,newline,0.038825093527016755,0.03356719524104868,0.027704447021683946,1.1566379987428408,1.401402940713049
discovery,4,12,punct,0.03445967130634856,0.04816601943711007,0.06127287406974185,0.7154353153750278,0.5623968490057438
discovery,4,12,the,0.013321594296016401,0.029546648526903176,0.03556399806415672,0.45086650974599235,0.374580897006701
discovery,5,1,initial,0.3948213220414055,0.04722194432554974,0.02887046509761203,8.360971317053222,13.675613493114888
discovery,5,1,boundary,0.006934299769621868,0.008463738666184249,0.00943671621803957,0.819295118045994,0.734821267207973
discovery,5,1,period,0.009115092410273088,0.01643032248047242,0.02414451921298136,0.5547725810681108,0.3775222165273987
discovery,5,1,comma,0.017003081138219033,0.02925501153080717,0.037128354856760484,0.5812023393090731,0.4579540678227234
discovery,5,1,newline,0.015401322637175223,0.02483143164093261,0.027704447021683946,0.6202349852348983,0.5559151794338573
discovery,5,1,punct,0.02611817356474062,0.04568533400834188,0.06127287406974185,0.5716971131254418,0.4262599716640101
discovery,5,1,the,0.02510588861287762,0.038445672324908024,0.03556399806415672,0.6530224884794672,0.7059354959919611
discovery,5,2,initial,0.38837027476437946,0.049285401232216156,0.02887046509761203,7.880026641855059,13.45216550725062
discovery,5,2,boundary,0.009621683752746144,0.00829516240674024,0.00943671621803957,1.1599150542161825,1.019600836820014
discovery,5,2,period,0.025005376501786025,0.02327688412046994,0.02414451921298136,1.0742578934693423,1.0356543562210103
discovery,5,2,comma,0.042965101984333134,0.04183346656246963,0.037128354856760484,1.0270509597901392,1.1572045718182387
discovery,5,2,newline,0.034096317933889314,0.03184268345256782,0.027704447021683946,1.07077401264496,1.2307164227895444
discovery,5,2,punct,0.06797047849073005,0.06511035066300247,0.06127287406974185,1.0439273909386697,1.1093078221427133
discovery,5,2,the,0.02186300235264553,0.0351795655332715,0.03556399806415672,0.6214687993223887,0.6147509712829565
discovery,5,3,initial,0.5610977879073664,0.07095398390971669,0.02887046509761203,7.907910972572291,19.43501034743554
discovery,5,3,boundary,0.019636705074091845,0.009330180376938375,0.00943671621803957,2.1046436704083824,2.080883288251649
discovery,5,3,period,0.02578345843910552,0.022209134735051324,0.02414451921298136,1.1609393498078546,1.0678803836045316
discovery,5,3,comma,0.01934068660132002,0.03388623149888071,0.037128354856760484,0.5707535404743622,0.5209141820566927
discovery,5,3,newline,0.046726686786001656,0.031061848333328448,0.027704447021683946,1.5043112143415271,1.6866132267296015
discovery,5,3,punct,0.045124145037654655,0.05609536611807511,0.06127287406974185,0.8044184067302967,0.7364457065665562
discovery,5,3,the,0.014151249359049827,0.03261379856483297,0.03556399806415672,0.43390374570807994,0.3979094064036688
discovery,5,4,initial,0.3368290943048097,0.04298704875561382,0.02887046509761203,7.835594767617585,11.666909180921712
discovery,5,4,boundary,0.002434663391023779,0.006030337093734935,0.00943671621803957,0.40373586968350583,0.2579990046081483
discovery,5,4,period,0.0057996548818823905,0.01648089604171651,0.02414451921298136,0.3519016725305639,0.2402058550316542
discovery,5,4,comma,0.008265122976009353,0.027987256775319685,0.037128354856760484,0.29531736684167914,0.22260945867102983
discovery,5,4,newline,0.0061322481531906285,0.021174047095879646,0.027704447021683946,0.28961152893553027,0.22134526447652933
discovery,5,4,punct,0.014064777852171816,0.0444681527698702,0.06127287406974185,0.3162887814332943,0.2295433022476315
discovery,5,4,the,0.012677527150754774,0.02968211017589997,0.03556399806415672,0.4271100361674467,0.3564708087061746
discovery,5,5,initial,0.5656616179148648,0.07140622160837551,0.02887046509761203,7.921741343733502,19.593089893160485
discovery,5,5,boundary,0.00764851693643295,0.006730704353180226,0.00943671621803957,1.1363620410424151,0.8105061930136
discovery,5,5,period,0.020673188411224546,0.01929885562652782,0.02414451921298136,1.071213175086278,0.856226965170197
discovery,5,5,comma,0.021334735627086536,0.03238600211909896,0.037128354856760484,0.6587641027326688,0.5746210870208223
discovery,5,5,newline,0.016694489528301965,0.025250127409814044,0.027704447021683946,0.6611645659187155,0.6025924110752106
discovery,5,5,punct,0.04200792405763018,0.05168485762869717,0.06127287406974185,0.8127704319012377,0.6855876225067561
discovery,5,5,the,0.015304425954355723,0.030598299936788354,0.03556399806415672,0.500172427421538,0.43033479888135334
discovery,5,6,initial,0.5232980300645278,0.05756462019797741,0.02887046509761203,9.090618999392172,18.12572219724342
discovery,5,6,boundary,0.005397281344869323,0.006344203414636324,0.00943671621803957,0.850742164480033,0.5719448609201242
discovery,5,6,period,0.01246646539794751,0.0176862929702132,0.02414451921298136,0.7048659331236461,0.5163269265368052
discovery,5,6,comma,0.01176946185274125,0.029290835193621002,0.037128354856760484,0.4018138019944347,0.31699389585526483
discovery,5,6,newline,0.019445654326301392,0.026222765211795014,0.027704447021683946,0.741556207716596,0.7018964973775331
discovery,5,6,punct,0.024235927260910447,0.0469771281417426,0.06127287406974185,0.5159090863916618,0.39554089193408315
discovery,5,6,the,0.02399637136492753,0.03528434701434713,0.03556399806415672,0.6800854598547695,0.6747377311639308
discovery,5,7,initial,0.46684662322839493,0.05754906640716029,0.02887046509761203,8.112149377462526,16.17038802977266
discovery,5,7,boundary,0.005744989358496938,0.006912550814489291,0.00943671621803957,0.8310954252162537,0.6087911542274215
discovery,5,7,period,0.013423963032413049,0.02070632582274715,0.02414451921298136,0.6483025113835509,0.5559838617617046
discovery,5,7,comma,0.018359474595924716,0.034209982584878576,0.037128354856760484,0.5366700947705227,0.4944866172162688
discovery,5,7,newline,0.01358434794062725,0.024696923765540696,0.027704447021683946,0.55004210522694,0.4903309540881628
discovery,5,7,punct,0.031783437637752494,0.05491630837093542,0.06127287406974185,0.578761365805389,0.5187195495608062
discovery,5,7,the,0.01567004392134189,0.03215590316085791,0.03556399806415672,0.48731468816016354,0.440615363128562
discovery,5,8,initial,0.15974622254408816,0.024187738397166803,0.02887046509761203,6.604429894231029,5.533205717468725
discovery,5,8,boundary,0.005274923477479265,0.0048310289994685654,0.00943671621803957,1.0918840433496735,0.5589787120434468
discovery,5,8,period,0.011843031288690754,0.01109315036672642,0.02414451921298136,1.0675985538079047,0.49050598954661806
discovery,5,8,comma,0.012090664045477944,0.01756429779733378,0.037128354856760484,0.6883659218823585,0.32564502499836523
discovery,5,8,newline,0.01259946933178703,0.014844865010721098,0.027704447021683946,0.8487426004000426,0.4547814768483043
discovery,5,8,punct,0.023933695407322216,0.028657448144335948,0.06127287406974185,0.8351649207137319,0.39060833640805664
discovery,5,8,the,0.010985858405009513,0.01825849864777984,0.03556399806415672,0.6016846520042516,0.30890391977840204
discovery,5,9,initial,0.5628893576647406,0.0762944284132811,0.02887046509761203,7.377856671467697,19.49706579930709
discovery,5,9,boundary,0.0047367460690075375,0.006129279987671194,0.00943671621803957,0.7728062804334794,0.5019485549382741
discovery,5,9,period,0.017582031378373476,0.020413314020206384,0.02414451921298136,0.8613021560815493,0.7281996888519715
discovery,5,9,comma,0.01934951232819348,0.034411750366987494,0.037128354856760484,0.5622937549481994,0.5211518905925949
discovery,5,9,newline,0.01328304450676037,0.02539913102303383,0.027704447021683946,0.5229723999106235,0.4794553198034917
discovery,5,9,punct,0.03693154370242842,0.054825064273107106,0.06127287406974185,0.6736251784121328,0.6027388834477112
discovery,5,9,the,0.013908186442570199,0.032025317247379045,0.03556399806415672,0.43428723391361396,0.3910748847044732
discovery,5,10,initial,0.475367258211092,0.059910554090131116,0.02887046509761203,7.934616286404832,16.465521307116425
discovery,5,10,boundary,0.0031869154484105567,0.0062968994534828866,0.00943671621803957,0.5061086764928154,0.33771445222844926
discovery,5,10,period,0.006021620237115624,0.018784642310002753,0.02414451921298136,0.32056081440044953,0.2493990534248487
discovery,5,10,comma,0.014871361938079088,0.03250428052741228,0.037128354856760484,0.457520108022001,0.4005392104081134
discovery,5,10,newline,0.008272208087442856,0.023467819799550853,0.027704447021683946,0.3524915462151783,0.29858773506535957
discovery,5,10,punct,0.020892982167396768,0.0512889228190074,0.06127287406974185,0.4073585682648406,0.3409825715636582
discovery,5,10,the,0.020342805092767067,0.034417113205256,0.03556399806415672,0.591066571198087,0.5720055730536557
discovery,5,11,initial,0.6002482047776252,0.07848482996139837,0.02887046509761203,7.647951904499871,20.791081915312603
discovery,5,11,boundary,0.011468035066021768,0.007007298635383593,0.00943671621803957,1.6365843191145777,1.2152569602653787
discovery,5,11,period,0.03440204015929483,0.02124376400759002,0.02414451921298136,1.6193947620112703,1.4248384842883302
discovery,5,11,comma,0.025957944940234748,0.03398808927648334,0.037128354856760484,0.7637365174921815,0.6991407252052866
discovery,5,11,newline,0.034482209704201315,0.0274490611275423,0.027704447021683946,1.2562254695699584,1.2446452974575704
discovery,5,11,punct,0.06035998511310727,0.055231853128462474,0.06127287406974185,1.092847364232328,0.9851012545030039
discovery,5,11,the,0.013517727475198825,0.03188632556044688,0.03556399806415672,0.42393493880545374,0.3800958331741308
discovery,5,12,initial,0.006345377209541217,0.006370683479196077,0.02887046509761203,0.996027699423853,0.21978784159130377
discovery,5,12,boundary,0.008733473511040701,0.006703634248690224,0.00943671621803957,1.3027968393035574,0.9254780274461868
discovery,5,12,period,0.027942268764385023,0.02869120634922556,0.02414451921298136,0.9738966157182599,1.157292407353541
discovery,5,12,comma,0.0399967937966303,0.04007815836340809,0.037128354856760484,0.9979698526554035,1.0772573670698884
discovery,5,12,newline,0.023054293873561164,0.021034580695571545,0.027704447021683946,1.0960187040198446,0.8321513818888656
discovery,5,12,punct,0.06793906256392902,0.06876936468841949,0.06127287406974185,0.9879262789724407,1.1087951005301238
discovery,5,12,the,0.039352669459309035,0.03942344466642094,0.03556399806415672,0.9982047432001245,1.1065310876554888
discovery,6,1,initial,0.7193925362958,0.08513915879477088,0.02887046509761203,8.449608223519164,24.917940665781074
discovery,6,1,boundary,0.002692704726115919,0.004446783804719977,0.00943671621803957,0.6055398338137746,0.2853434037751868
discovery,6,1,period,0.011148560259585607,0.0181424081857963,0.02414451921298136,0.614502779642772,0.4617428974767721
discovery,6,1,comma,0.015795363120337143,0.034676606037112555,0.037128354856760484,0.45550487563379743,0.4254258822206085
discovery,6,1,newline,0.012427071568266492,0.025200759452264954,0.027704447021683946,0.49312289940331905,0.44855872988693724
discovery,6,1,punct,0.02694392337214567,0.0528190141438924,0.06127287406974185,0.5101178772239782,0.43973656828105745
discovery,6,1,the,0.005860609369722388,0.030413862960346635,0.03556399806415672,0.19269533032891634,0.16479050974949355
discovery,6,2,initial,0.9028513695150048,0.09492592639129542,0.02887046509761203,9.511114653686382,31.272491331969658
discovery,6,2,boundary,0.0006523030063003951,0.003718025936289958,0.00943671621803957,0.17544337169183316,0.06912394006862567
discovery,6,2,period,0.0013314546156490963,0.017530965530036576,0.02414451921298136,0.07594873273624642,0.05514521137920346
discovery,6,2,comma,0.003342004488347097,0.032680313458138294,0.037128354856760484,0.1022635383417611,0.09001218883089217
discovery,6,2,newline,0.004792936185019715,0.024445206620970703,0.027704447021683946,0.1960685487071326,0.17300241297970467
discovery,6,2,punct,0.004673459096498262,0.05021127898773895,0.06127287406974185,0.0930758823657822,0.07627288857347951
discovery,6,2,the,0.0012361338267042725,0.030637804733142083,0.03556399806415672,0.0403466840222759,0.03475801074092717
discovery,6,3,initial,0.5336506464108682,0.06131987774720683,0.02887046509761203,8.702735002356988,18.48431068244232
discovery,6,3,boundary,0.001571331414042446,0.004586960985228695,0.00943671621803957,0.3425648090538758,0.16651252170099506
discovery,6,3,period,0.0033794972957973866,0.01657250410718611,0.02414451921298136,0.20392194649280437,0.13996954198948766
discovery,6,3,comma,0.018238925335904845,0.0349262290220556,0.037128354856760484,0.5222128425140639,0.49123979250547983
discovery,6,3,newline,0.004493686480966933,0.021266141551091345,0.027704447021683946,0.21130708973092133,0.1622009086645829
discovery,6,3,punct,0.021618422648268597,0.051498733118140266,0.06127287406974185,0.41978552362977595,0.35282207626921713
discovery,6,3,the,0.015461020558793273,0.032986659228365287,0.03556399806415672,0.46870525601750884,0.4347379766161811
discovery,6,4,initial,0.37117036496448025,0.05292844339253013,0.02887046509761203,7.012682428836818,12.85640406933316
discovery,6,4,boundary,0.01447107444853801,0.010725920940425902,0.00943671621803957,1.3491684796963828,1.5334862376039853
discovery,6,4,period,0.025433978298005276,0.024977195438677,0.02414451921298136,1.018287996362512,1.0534058712724599
discovery,6,4,comma,0.03000392771329936,0.03494319684156451,0.037128354856760484,0.8586486190527952,0.8081135786665786
discovery,6,4,newline,0.036020740523727585,0.03251089298883903,0.027704447021683946,1.107959124226255,1.3001790108113176
discovery,6,4,punct,0.055437906032689256,0.05992039221473597,0.06127287406974185,0.9251926428321283,0.9047707794739458
discovery,6,4,the,0.018833208141981587,0.033387803882016474,0.03556399806415672,0.5640744808653209,0.5295582377438798
discovery,6,5,initial,0.5492612827433763,0.06260207877114489,0.02887046509761203,8.773850541789782,19.02502370108362
discovery,6,5,boundary,0.0021801969969753995,0.004760924969402226,0.00943671621803957,0.4579355925554823,0.2310334386031081
discovery,6,5,period,0.007052547295073743,0.016733086258778083,0.02414451921298136,0.42147319305032666,0.29209723469175247
discovery,6,5,comma,0.01652367371522236,0.03320723508529243,0.037128354856760484,0.4975925780264897,0.44504190339081673
discovery,6,5,newline,0.009628106115206458,0.022827826137914075,0.027704447021683946,0.4217706082497017,0.34752926516348265
discovery,6,5,punct,0.023576221014045544,0.04994032130920693,0.06127287406974185,0.4720878920276203,0.384774198566411
discovery,6,5,the,0.014726454398705178,0.03356000778781937,0.03556399806415672,0.43880962399687395,0.4140832077467488
discovery,6,6,initial,0.6845885177357036,0.08427150322229388,0.02887046509761203,8.123606338549292,23.71241735874661
discovery,6,6,boundary,0.007067737546631888,0.005772194116038762,0.00943671621803957,1.2244455755556274,0.7489615437540597
discovery,6,6,period,0.013049166277786677,0.01935827026230642,0.02414451921298136,0.6740874107536067,0.5404608044864592
discovery,6,6,comma,0.010544810705966988,0.03314082552562264,0.037128354856760484,0.3181818961574849,0.2840096402506492
discovery,6,6,newline,0.014124999649206925,0.02586224983837201,0.027704447021683946,0.5461628333761419,0.509845933331622
discovery,6,6,punct,0.02359397697833882,0.05249909569824764,0.06127287406974185,0.4494168264145235,0.3850639836395424
discovery,6,6,the,0.006220177277058296,0.03121048542040961,0.03556399806415672,0.19929767811271235,0.17490095646269083
discovery,6,7,initial,0.7173020203087735,0.07090013741134732,0.02887046509761203,10.117075177825704,24.8455304714888
discovery,6,7,boundary,0.0027988408682953574,0.004634781812334335,0.00943671621803957,0.6038775894146579,0.2965905515888028
discovery,6,7,period,0.0037703204302395417,0.016837520602619643,0.02414451921298136,0.22392373076906236,0.1561563681173829
discovery,6,7,comma,0.00990308808397558,0.03405322331626845,0.037128354856760484,0.29081206181279523,0.26672574430462237
discovery,6,7,newline,0.008295771431368061,0.023693068397712347,0.027704447021683946,0.3501349547519581,0.29943826075557683
discovery,6,7,punct,0.013673408524052591,0.050890743899943934,0.06127287406974185,0.26868163984664517,0.2231559843021119
discovery,6,7,the,0.005248831218452278,0.028829178610483792,0.03556399806415672,0.18206662386640213,0.14758833382522107
discovery,6,8,initial,0.7160457065290715,0.0763529503065739,0.02887046509761203,9.37810135239032,24.802014934920393
discovery,6,8,boundary,0.0017755519621063135,0.004216777931919279,0.00943671621803957,0.42106840596610823,0.1881535823565515
discovery,6,8,period,0.002244964942076854,0.015925170431128562,0.02414451921298136,0.1409696022900121,0.09298031252036043
discovery,6,8,comma,0.0022905858595784253,0.028688521221758682,0.037128354856760484,0.07984328790851515,0.06169370736773558
discovery,6,8,newline,0.002709267855248891,0.021733278632720756,0.027704447021683946,0.12465987764818537,0.097791804078543
discovery,6,8,punct,0.004535550801531346,0.044613691620397945,0.06127287406974185,0.10166275501527057,0.07402216511614754
discovery,6,8,the,0.004602887728779942,0.0304501375815429,0.03556399806415672,0.15116147559116266,0.12942548586569
discovery,6,9,initial,0.7481110945521201,0.08126195351232823,0.02887046509761203,9.206166751069112,25.9126789964322
discovery,6,9,boundary,0.004417705087619984,0.00478781463026176,0.00943671621803957,0.9226976039752105,0.4681400802511088
discovery,6,9,period,0.007592097161134775,0.018321988290154315,0.02414451921298136,0.41437081177562696,0.3144439155803469
discovery,6,9,comma,0.009857228004925668,0.03381887091526656,0.037128354856760484,0.2914712330173006,0.2654905675986563
discovery,6,9,newline,0.011114173118227853,0.02481965464272359,0.027704447021683946,0.44779725093742223,0.4011692819397882
discovery,6,9,punct,0.017449325161013246,0.05214085917762698,0.06127287406974185,0.33465741524452175,0.2847805888973336
discovery,6,9,the,0.006735457078459584,0.03111652960407852,0.03556399806415672,0.2164591348765561,0.18938976057497692
discovery,6,10,initial,0.6405612784703307,0.08083377126342581,0.02887046509761203,7.924426492274279,22.187424979284923
discovery,6,10,boundary,0.005393393352203766,0.005870236469096699,0.00943671621803957,0.9187693512172417,0.5715328539702782
discovery,6,10,period,0.014678628505262747,0.020043314307587334,0.02414451921298136,0.7323453736244708,0.6079486767071653
discovery,6,10,comma,0.011784483553407048,0.03343923022554951,0.037128354856760484,0.35241491726693575,0.31739848422778366
discovery,6,10,newline,0.01303325110593483,0.025759093688402235,0.027704447021683946,0.5059669902828497,0.47043895500725413
discovery,6,10,punct,0.02646311205462392,0.05348254442637806,0.06127287406974185,0.4947990477725305,0.4318895181006712
discovery,6,10,the,0.00742563205357961,0.03167118614811558,0.03556399806415672,0.23446018153069495,0.20879632374807586
discovery,6,11,initial,0.3243604532771715,0.05638360466945218,0.02887046509761203,5.752744174103953,11.235026944681968
discovery,6,11,boundary,0.004879586099867933,0.007329987331220691,0.00943671621803957,0.6657018463161951,0.5170851795394609
discovery,6,11,period,0.02111344025923572,0.020606635622479677,0.02414451921298136,1.0245942445938712,0.8744609935278407
discovery,6,11,comma,0.01937924447066936,0.032988744005125976,0.037128354856760484,0.587450206278181,0.5219526840182823
discovery,6,11,newline,0.013955154718374215,0.024887823291150933,0.027704447021683946,0.5607221875179451,0.5037153316018789
discovery,6,11,punct,0.04049268474221726,0.053595379502676885,0.06127287406974185,0.7555256650472044,0.6608582567243015
discovery,6,11,the,0.009689630974481181,0.0311085495926437,0.03556399806415672,0.31147806957777635,0.2724561776491295
discovery,6,12,initial,0.5547517434423255,0.06935477194508008,0.02887046509761203,7.998753768257163,19.215199393798848
discovery,6,12,boundary,0.00544344344310586,0.005888164148393612,0.00943671621803957,0.92447209451369,0.5768366153365909
discovery,6,12,period,0.02017883127261185,0.018768019948565626,0.02414451921298136,1.0751710264541812,0.8357520435429773
discovery,6,12,comma,0.018579913966626425,0.03126226423233725,0.037128354856760484,0.5943240012477286,0.5004238415169995
discovery,6,12,newline,0.011187739499174744,0.023492628286805744,0.027704447021683946,0.4762234077256548,0.4038246816627753
discovery,6,12,punct,0.038758745218825115,0.05003028410250874,0.06127287406974185,0.7747056790525317,0.632559608264976
discovery,6,12,the,0.013960136145090448,0.029391792213772288,0.03556399806415672,0.4749671623817844,0.3925356232419834
discovery,7,1,initial,0.3355799338653775,0.04608804751667439,0.02887046509761203,7.281279028884151,11.623641417994834
discovery,7,1,boundary,0.0055233537140304155,0.007047919155641201,0.00943671621803957,0.7836857364644267,0.5853046320786643
discovery,7,1,period,0.008389556464338742,0.017857019389248916,0.02414451921298136,0.4698184104223911,0.3474725005014006
discovery,7,1,comma,0.02239869649142203,0.033528542078430104,0.037128354856760484,0.6680486267200915,0.6032773759525621
discovery,7,1,newline,0.01555198478225201,0.024667480021392015,0.027704447021683946,0.630465080695924,0.5613533729830323
discovery,7,1,punct,0.03078825298111793,0.051385561414847084,0.06127287406974185,0.5991615569314793,0.5024777023854667
discovery,7,1,the,0.02759567296401039,0.03866933024178788,0.03556399806415672,0.7136320384000139,0.7759440576458351
discovery,7,2,initial,0.7937736423164291,0.08217095083769582,0.02887046509761203,9.660027469857225,27.494314332403487
discovery,7,2,boundary,0.0012499058494519829,0.0038266742689121256,0.00943671621803957,0.3266297995641304,0.13245135495996133
discovery,7,2,period,0.0024640942861879904,0.016669856637013376,0.02414451921298136,0.14781736519057823,0.10205605108355871
discovery,7,2,comma,0.010556904768827773,0.03459527688755232,0.037128354856760484,0.3051545100547017,0.28433537681795584
discovery,7,2,newline,0.005867703613348828,0.022762100145106778,0.027704447021683946,0.25778392924829574,0.2117964530660455
discovery,7,2,punct,0.013020999054219252,0.051265133518946175,0.06127287406974185,0.25399327301872826,0.21250837751463275
discovery,7,2,the,0.00384356878523572,0.02955464695498657,0.03556399806415672,0.1300495584024298,0.10807471022526773
discovery,7,3,initial,0.529923174984761,0.07429280741705792,0.02887046509761203,7.13290012059887,18.355200485793098
discovery,7,3,boundary,0.013694703901720348,0.008609551605741013,0.00943671621803957,1.590640782336267,1.451214976194903
discovery,7,3,period,0.029291873797501342,0.022461404983014056,0.02414451921298136,1.30409802145737,1.213189359420025
discovery,7,3,comma,0.024489374509573742,0.03443852950305057,0.037128354856760484,0.7111039542906288,0.6595868468735726
discovery,7,3,newline,0.03154644576929327,0.028660092792989537,0.027704447021683946,1.10070982662728,1.1386780521048565
discovery,7,3,punct,0.05378124831361673,0.05689993433679781,0.06127287406974185,0.9451899890653442,0.8777334037310209
discovery,7,3,the,0.013167275076156792,0.032259919679133775,0.03556399806415672,0.4081620539394459,0.3702416992713614
discovery,7,4,initial,0.6688504634663103,0.0775865819981259,0.02887046509761203,8.620697628907873,23.16729090455952
discovery,7,4,boundary,0.003077340733797431,0.005450578495784599,0.00943671621803957,0.5645897469740878,0.3261029221070222
discovery,7,4,period,0.012830643326684392,0.020610313217898704,0.02414451921298136,0.6225350964361774,0.5314101810644448
discovery,7,4,comma,0.01516485974570008,0.034251426144756965,0.037128354856760484,0.4427511917783733,0.40844416091705177
discovery,7,4,newline,0.009264034449710466,0.0245677008935273,0.027704447021683946,0.37708186410520833,0.3343879934676052
discovery,7,4,punct,0.02799550302286967,0.05486173930198091,0.06127287406974185,0.5102919334870382,0.4568988063299381
discovery,7,4,the,0.009607791229824416,0.031981614679114916,0.03556399806415672,0.30041607736893383,0.27015498123951526
discovery,7,5,initial,0.35980358736268986,0.05639293567634628,0.02887046509761203,6.380295387133172,12.462687599461304
discovery,7,5,boundary,0.010752069157027002,0.00917204024802656,0.00943671621803957,1.1722658063281393,1.1393867218845635
discovery,7,5,period,0.031453368997692834,0.022692507255158093,0.02414451921298136,1.386068478199709,1.3027125833502557
discovery,7,5,comma,0.021107857271044528,0.03446469460228911,0.037128354856760484,0.6124486961112536,0.568510437709338
discovery,7,5,newline,0.030962090792611228,0.02866550055873187,0.027704447021683946,1.08011687181858,1.1175855908034389
discovery,7,5,punct,0.0525612262383733,0.05715720169077552,0.06127287406974185,0.9195906147178659,0.8578221119274935
discovery,7,5,the,0.009371492487357365,0.03203714901066771,0.03556399806415672,0.2925195523558245,0.26351065677293606
discovery,7,6,initial,0.6286688919098693,0.07094859021965444,0.02887046509761203,8.860907453742655,21.775502742485035
discovery,7,6,boundary,0.006258965542856637,0.005692570591374521,0.00943671621803957,1.099497220524648,0.6632567302269587
discovery,7,6,period,0.01521416415790612,0.01989151896462618,0.02414451921298136,0.7648568309419721,0.6301290998466511
discovery,7,6,comma,0.012073742518395736,0.03211013198401676,0.037128354856760484,0.3760103672076341,0.325189267474298
discovery,7,6,newline,0.015723849781848518,0.024855286256984483,0.027704447021683946,0.6326159199808058,0.5675568896770127
discovery,7,6,punct,0.02728790666966526,0.052001650916190155,0.06127287406974185,0.5247507759637198,0.44535052556218746
discovery,7,6,the,0.00824196036648612,0.030472068904368526,0.03556399806415672,0.27047590343642663,0.23175010727471623
discovery,7,7,initial,0.5916406826339219,0.07397381636183088,0.02887046509761203,7.9979743067466975,20.492939086140957
discovery,7,7,boundary,0.004872955566352919,0.0053484419267255424,0.00943671621803957,0.9110981540256289,0.5163825480984159
discovery,7,7,period,0.022181207607813763,0.018796263411802995,0.02414451921298136,1.1800860161326114,0.9186849989494916
discovery,7,7,comma,0.015247994855651257,0.031526706866323445,0.037128354856760484,0.4836532696010516,0.41068328813590943
discovery,7,7,newline,0.013289584754259672,0.023745514798880995,0.027704447021683946,0.5596671568007421,0.4796913919219564
discovery,7,7,punct,0.037429202432049134,0.05032297019601546,0.06127287406974185,0.7437796752905644,0.6108608907335825
discovery,7,7,the,0.011699801092460447,0.029842457323772574,0.03556399806415672,0.39205220151694264,0.32897879117399137
discovery,7,8,initial,0.4492751340681959,0.057920880200023485,0.02887046509761203,7.7567041888291905,15.561756021220347
discovery,7,8,boundary,0.004791940072704154,0.006732270602613474,0.00943671621803957,0.7117866104258967,0.507797411936973
discovery,7,8,period,0.011797974670543738,0.019526026514364896,0.02414451921298136,0.6042178966552263,0.4886398675605239
discovery,7,8,comma,0.013984837567778716,0.0324898451888025,0.037128354856760484,0.4304371869582973,0.37666192379736696
discovery,7,8,newline,0.010238904210008075,0.023886881448949217,0.027704447021683946,0.4286413122571295,0.36957619843464856
discovery,7,8,punct,0.025782812262350675,0.05201587163377471,0.06127287406974185,0.4956720218759056,0.42078672909980086
discovery,7,8,the,0.010524363731676681,0.03159584087327472,0.03556399806415672,0.33309332623518473,0.2959274632928206
discovery,7,9,initial,0.48114446596249,0.05410507797467444,0.02887046509761203,8.892778348599823,16.66562919356249
discovery,7,9,boundary,0.0028623286826049603,0.004979260930017595,0.00943671621803957,0.5748501078441868,0.30331829594846016
discovery,7,9,period,0.005657397140018634,0.016157394572864508,0.02414451921298136,0.35014290914946977,0.23431392814717636
discovery,7,9,comma,0.012946324474396134,0.03024433560442594,0.037128354856760484,0.4280578235780976,0.34869103477227764
discovery,7,9,newline,0.006996613122695818,0.019415833873922126,0.027704447021683946,0.3603560459019552,0.2525447671711206
discovery,7,9,punct,0.01860372160719618,0.04640173015103444,0.06127287406974185,0.400927326344133,0.30362084184301685
discovery,7,9,the,0.012157491303934164,0.02971799244599173,0.03556399806415672,0.4090953090464874,0.3418482725705445
discovery,7,10,initial,0.8652722143836269,0.09323694471597847,0.02887046509761203,9.280357877657277,29.97084430258092
discovery,7,10,boundary,0.0013779378157062535,0.003984010252573574,0.00943671621803957,0.3458670355620042,0.1460187827914267
discovery,7,10,period,0.0032462384161845935,0.01786632361154709,0.02414451921298136,0.18169593738280515,0.13445032338599003
discovery,7,10,comma,0.003694090552111459,0.03275984007984125,0.037128354856760484,0.1127627773245638,0.09949513158778765
discovery,7,10,newline,0.004180839924161736,0.02431139890167377,0.027704447021683946,0.17197035600752278,0.15090862203058744
discovery,7,10,punct,0.006940328969140166,0.05062616368239972,0.06127287406974185,0.13708976671983114,0.11326919251805559
discovery,7,10,the,0.001857333334023031,0.030816476079930002,0.03556399806415672,0.06027078921047257,0.05222509940171631
discovery,7,11,initial,0.6899453959080305,0.08422644361625714,0.02887046509761203,8.191553225866695,23.897966090095935
discovery,7,11,boundary,0.0038112933372049973,0.004973891824331959,0.00943671621803957,0.7662597965159587,0.40387919368807446
discovery,7,11,period,0.017331047118186102,0.019353572418040116,0.02414451921298136,0.8954960223277048,0.7178046067228384
discovery,7,11,comma,0.010354713606990017,0.032874989333288,0.037128354856760484,0.31497237921550336,0.2788896423484971
discovery,7,11,newline,0.013676971869667617,0.02518532936227391,0.027704447021683946,0.5430531271969342,0.4936742415021968
discovery,7,11,punct,0.027685760738329377,0.05222856165280828,0.06127287406974185,0.5300885159804269,0.451843677298652
discovery,7,11,the,0.005895555782899007,0.031097347437275623,0.03556399806415672,0.18958387993672252,0.16577314429788084
discovery,7,12,initial,0.544600996984588,0.06411778647201753,0.02887046509761203,8.493758548920965,18.863603171728386
discovery,7,12,boundary,0.004487137804795768,0.006078400647514882,0.00943671621803957,0.7382102735577832,0.47549780041260453
discovery,7,12,period,0.009948385240659918,0.018439885182148792,0.02414451921298136,0.5395036434549337,0.4120349282130722
discovery,7,12,comma,0.0173517082099675,0.032993482394798546,0.037128354856760484,0.5259132092313787,0.4673438474963301
discovery,7,12,newline,0.020101489239702498,0.02589940347185118,0.027704447021683946,0.7761371516355519,0.7255690475961962
discovery,7,12,punct,0.027300093459344435,0.05143336753834401,0.06127287406974185,0.5307856507546777,0.4455494192792555
discovery,7,12,the,0.015747755579231724,0.034106737148540206,0.03556399806415672,0.46171979191817064,0.44280048465932026
discovery,8,1,initial,0.5334695138844635,0.057277283643011156,0.02887046509761203,9.313806101724174,18.47803670916921
discovery,8,1,boundary,0.006657538619862903,0.0076203134447821435,0.00943671621803957,0.8736567948424115,0.7054931467724027
discovery,8,1,period,0.007371342422006431,0.0169636072308319,0.02414451921298136,0.43453861679895417,0.30530085759766173
discovery,8,1,comma,0.017505869996408147,0.034155734065000956,0.037128354856760484,0.5125309256446706,0.4714959783148217
discovery,8,1,newline,0.01453741174638064,0.02624313033864603,0.027704447021683946,0.553951131545181,0.5247320668411962
discovery,8,1,punct,0.024877212426423097,0.05111934132548509,0.06127287406974185,0.4866497059894781,0.40600694522844516
discovery,8,1,the,0.021182275150854628,0.03620939696084902,0.03556399806415672,0.5849938670273275,0.5956100636560108
discovery,8,2,initial,0.6713057161040973,0.08367329640705422,0.02887046509761203,8.022938559015607,23.25233465530914
discovery,8,2,boundary,0.004976719064678859,0.0053918825115686865,0.00943671621803957,0.9230021340414849,0.5273782690598644
discovery,8,2,period,0.01928479591029284,0.019988226534281936,0.02414451921298136,0.9648077520643147,0.798723542191071
discovery,8,2,comma,0.00927595778327949,0.032991616082859825,0.037128354856760484,0.28116106103994826,0.24983487200188953
discovery,8,2,newline,0.011636806187505443,0.02487318251828008,0.027704447021683946,0.46784548695982875,0.4200338732044517
discovery,8,2,punct,0.028560753695301505,0.05297984253096763,0.06127287406974185,0.5390871760067474,0.4661239435707416
discovery,8,2,the,0.006891594031978497,0.03128595595868328,0.03556399806415672,0.22027755971655918,0.19378006993325675
discovery,8,3,initial,0.92494009185089,0.09620769250227133,0.02887046509761203,9.61399309965836,32.037588889671014
discovery,8,3,boundary,0.0005750537460343634,0.003487705142772882,0.00943671621803957,0.16488026438415315,0.06093790813959942
discovery,8,3,period,0.0009363083907988553,0.01750418189626951,0.02414451921298136,0.053490554219983354,0.03877933466140202
discovery,8,3,comma,0.002105584696793147,0.03257317769227503,0.037128354856760484,0.0646416728722326,0.05671096133713431
discovery,8,3,newline,0.003448529880548665,0.023854443515957075,0.027704447021683946,0.14456551368476997,0.12447567994587803
discovery,8,3,punct,0.003041893090034512,0.05007735958062925,0.06127287406974185,0.06074387937999763,0.04964502051221192
discovery,8,3,the,0.0006576188568707986,0.0307013040876826,0.03556399806415672,0.021419899786427513,0.018491139710571
discovery,8,4,initial,0.6808828781198802,0.07675669869811594,0.02887046509761203,8.870663924692648,23.584063360870424
discovery,8,4,boundary,0.0029478024966516757,0.004578893305356985,0.00943671621803957,0.6437805600761548,0.31237587615663903
discovery,8,4,period,0.009040691554359567,0.01825736520421323,0.02414451921298136,0.49518051773830196,0.3744407364093966
discovery,8,4,comma,0.009941341563886874,0.032016383241199105,0.037128354856760484,0.31050795116339763,0.26775604796496155
discovery,8,4,newline,0.007276154280654832,0.022523010181761973,0.027704447021683946,0.32305425526765086,0.2626348858347496
discovery,8,4,punct,0.018982033108460212,0.050273748424418944,0.06127287406974185,0.3775734593770666,0.30979505036526495
discovery,8,4,the,0.007857830958874833,0.031214066479158132,0.03556399806415672,0.251740059697815,0.2209490323528718
discovery,8,5,initial,0.7555794952814844,0.08060263650006497,0.02887046509761203,9.374128788961828,26.171365536607887
discovery,8,5,boundary,0.0015427037661299968,0.004303388624502864,0.00943671621803957,0.35848581216812897,0.16347887660125968
discovery,8,5,period,0.002310616062334679,0.01729742893265333,0.02414451921298136,0.13358147452612446,0.09569940250010736
discovery,8,5,comma,0.00819537946131198,0.03252025522217431,0.037128354856760484,0.25200846073692146,0.2207310152289102
discovery,8,5,newline,0.003192832603070904,0.022637913775841012,0.027704447021683946,0.14103917148400255,0.11524621302031084
discovery,8,5,punct,0.01050599552328339,0.04981768412755896,0.06127287406974185,0.21088887826223765,0.17146242416057197
discovery,8,5,the,0.01027249429313459,0.033098571426257016,0.03556399806415672,0.31036065456847617,0.28884531695798715
discovery,8,6,initial,0.44827285606909933,0.06176020053245182,0.02887046509761203,7.258280449292824,15.527039642536879
discovery,8,6,boundary,0.007775180873419601,0.008950340246133765,0.00943671621803957,0.8687022682493224,0.8239286520618563
discovery,8,6,period,0.028193184481273535,0.02154811258154456,0.02414451921298136,1.3083830138060593,1.1676846506065608
discovery,8,6,comma,0.023908821834683933,0.03461782874211527,0.037128354856760484,0.6906505319207672,0.6439504773891299
discovery,8,6,newline,0.0288645081490687,0.028304379974048853,0.027704447021683946,1.019789452216703,1.0418727407364163
discovery,8,6,punct,0.05210200631810995,0.056165941199287,0.06127287406974185,0.9276441417271462,0.8503274427572394
discovery,8,6,the,0.01815429971496247,0.035133050077589614,0.03556399806415672,0.5167299643745588,0.5104684710142118
discovery,8,7,initial,0.6200824842391159,0.07857694337363019,0.02887046509761203,7.891405005290785,21.478091265332782
discovery,8,7,boundary,0.006639629751728849,0.006315644296711,0.00943671621803957,1.051298876218626,0.7035953607502036
discovery,8,7,period,0.022767229962856683,0.021291299659144287,0.02414451921298136,1.069320817767858,0.9429564433246542
discovery,8,7,comma,0.01371370784228422,0.03378435456795715,0.037128354856760484,0.4059188940460333,0.36935942610953504
discovery,8,7,newline,0.013960725567428452,0.025650301073343963,0.027704447021683946,0.5442714113767877,0.5039164130040767
discovery,8,7,punct,0.036480937770373555,0.05507565411087648,0.06127287406974185,0.6623786564010904,0.5953847983179362
discovery,8,7,the,0.007247683215371343,0.03170130930946775,0.03556399806415672,0.22862409702449696,0.20379270076150244
discovery,8,8,initial,0.744098298657832,0.08659962166400599,0.02887046509761203,8.592396645158864,25.77368588077851
discovery,8,8,boundary,0.003096325239477148,0.004255735191465797,0.00943671621803957,0.7275652972220494,0.3281146924348642
discovery,8,8,period,0.013930045415327061,0.01863192042900647,0.02414451921298136,0.7476441018737149,0.57694441096336
discovery,8,8,comma,0.01422439806755045,0.034655113157810495,0.037128354856760484,0.4104559694489004,0.38311414880695727
discovery,8,8,newline,0.018674605307395602,0.024958220840506026,0.027704447021683946,0.7482346368651243,0.674065260814598
discovery,8,8,punct,0.02815444349510107,0.05328703351879599,0.06127287406974185,0.5283544914387123,0.45949278408346234
discovery,8,8,the,0.0043098689761340925,0.030204387818872046,0.03556399806415672,0.14269016150829705,0.12118628980800127
discovery,8,9,initial,0.5707955059763093,0.06344172258932466,0.02887046509761203,8.997162792555653,19.770914810219725
discovery,8,9,boundary,0.0016176677772790366,0.004607928443110764,0.00943671621803957,0.35106182686009035,0.1714227428166849
discovery,8,9,period,0.0068250592422765734,0.017663017838821893,0.02414451921298136,0.38640391492305703,0.2826753012587247
discovery,8,9,comma,0.011218088338341026,0.031683047776703784,0.037128354856760484,0.3540722602637228,0.30214342600473154
discovery,8,9,newline,0.003730161280239255,0.02108589614877086,0.027704447021683946,0.17690314198273682,0.13464124648724088
discovery,8,9,punct,0.01804314758068876,0.04934606558069861,0.06127287406974185,0.36564511006823247,0.29447202950120693
discovery,8,9,the,0.008216368026126734,0.030430948335447724,0.03556399806415672,0.2700003935321278,0.2310304935711833
discovery,8,10,initial,0.698151453220736,0.07821778512455414,0.02887046509761203,8.925737952167763,24.18220319140208
discovery,8,10,boundary,0.0056009885927762095,0.005594892072864223,0.00943671621803957,1.0010896581797448,0.5935315276376708
discovery,8,10,period,0.020070394004404215,0.021262067617242416,0.02414451921298136,0.9439530701204328,0.8312608682476194
discovery,8,10,comma,0.018468197180557963,0.03488209988897449,0.037128354856760484,0.5294462557970995,0.49741490706516445
discovery,8,10,newline,0.011152087980150351,0.024046011931857396,0.027704447021683946,0.4637811879888278,0.40253782980839653
discovery,8,10,punct,0.038538591202255036,0.056144167472709734,0.06127287406974185,0.6864219906900868,0.6289665987985115
discovery,8,10,the,0.010580839358682474,0.032691288759187455,0.03556399806415672,0.32365929152024847,0.29751546323883094
discovery,8,11,initial,0.8259214173607544,0.09119351979683428,0.02887046509761203,9.056799421721912,28.60783207226783
discovery,8,11,boundary,0.002507207562558862,0.004147046675320878,0.00943671621803957,0.6045766442609105,0.2656864426807699
discovery,8,11,period,0.0030453824491736255,0.01806260415334625,0.02414451921298136,0.16860151633281753,0.1261314181620261
discovery,8,11,comma,0.0024930854521667857,0.03267537060247688,0.037128354856760484,0.07629861287565023,0.06714774898551247
discovery,8,11,newline,0.004362199302705263,0.02414228433111182,0.027704447021683946,0.18068709832415317,0.1574548410690537
discovery,8,11,punct,0.005538467895058337,0.050737974695801956,0.06127287406974185,0.10915823755804326,0.09039020903041625
discovery,8,11,the,0.0016577772081683316,0.030824382884979646,0.03556399806415672,0.053781359203662976,0.046613915712674814
discovery,8,12,initial,0.7769789886553355,0.0885101551878056,0.02887046509761203,8.77841629592333,26.912589943679222
discovery,8,12,boundary,0.008294343798279518,0.005114629539116021,0.00943671621803957,1.62169004320752,0.8789438621057343
discovery,8,12,period,0.005507956873339472,0.018115034942726226,0.02414451921298136,0.3040544437675013,0.22812452071433692
discovery,8,12,comma,0.00931264344275962,0.03388560923448788,0.037128354856760484,0.27482591144566043,0.25082294862477417
discovery,8,12,newline,0.015633724561521144,0.025576326578622636,0.027704447021683946,0.6112576219052591,0.5643037938741319
discovery,8,12,punct,0.014820600311401987,0.05200064409963391,0.06127287406974185,0.2850080141893151,0.2418786540767277
discovery,8,12,the,0.00481321915133667,0.030478015154218975,0.03556399806415672,0.1579242981205222,0.1353396528324437
discovery,9,1,initial,0.5845120853430853,0.0737282668901377,0.02887046509761203,7.927923847905787,20.246022478918505
discovery,9,1,boundary,0.020096301340927523,0.008620174991730995,0.00943671621803957,2.3313101369989746,2.1295862752035184
discovery,9,1,period,0.030611035443429534,0.021387733306496955,0.02414451921298136,1.4312426195313934,1.2678254295894795
discovery,9,1,comma,0.018133571164266244,0.03393362373984128,0.037128354856760484,0.5343835749252951,0.48840222612137657
discovery,9,1,newline,0.04327820064813953,0.02878116111948445,0.027704447021683946,1.503698911536991,1.5621391256886012
discovery,9,1,punct,0.04874460661468511,0.055321356949621106,0.06127287406974185,0.8811173351925339,0.7955332168555233
discovery,9,1,the,0.01463086897636824,0.031949724545409224,0.03556399806415672,0.45793411944988155,0.4113955059263712
discovery,9,2,initial,0.8169747012785379,0.0905069076938718,0.02887046509761203,9.026655777941853,28.29794042168418
discovery,9,2,boundary,0.0020136397257279484,0.004051507021425329,0.00943671621803957,0.4970100545499106,0.213383520199389
discovery,9,2,period,0.003172654052490716,0.017773817115778003,0.02414451921298136,0.17850155832166845,0.13140266014429192
discovery,9,2,comma,0.007775701030500835,0.03330151172654404,0.037128354856760484,0.23349393548110198,0.20942756716528751
discovery,9,2,newline,0.009125298103713533,0.024504164539935685,0.027704447021683946,0.37239784644938906,0.32938026507337503
discovery,9,2,punct,0.010948355086889522,0.05107532879228131,0.06127287406974185,0.21435701630850934,0.17868192496451063
discovery,9,2,the,0.00441366566082026,0.030635569509681493,0.03556399806415672,0.14406997263182744,0.1241048785588757
discovery,9,3,initial,0.4099272685424134,0.06457849801999715,0.02887046509761203,6.34773618326454,14.198845330563096
discovery,9,3,boundary,0.014872692511172488,0.008783292107341734,0.00943671621803957,1.693293622643015,1.57604532843123
discovery,9,3,period,0.03915688462684031,0.023531646217233703,0.02414451921298136,1.6640095752486397,1.6217711473744119
discovery,9,3,comma,0.026698793811612165,0.035025480326931514,0.037128354856760484,0.7622677422951182,0.7190944472119734
discovery,9,3,newline,0.03285645054399279,0.027323531789528302,0.027704447021683946,1.2024964707009425,1.1859630520066482
discovery,9,3,punct,0.06585567845193342,0.05855712636693222,0.06127287406974185,1.1246398608986858,1.0747933641398206
discovery,9,3,the,0.010986609701743182,0.03277516524797656,0.03556399806415672,0.3352114205563453,0.3089250449829506
discovery,9,4,initial,0.6344536906183752,0.07843367124848219,0.02887046509761203,8.089047478198374,21.975873560514717
discovery,9,4,boundary,0.005682879461589962,0.006133169932924393,0.00943671621803957,0.9265811193462683,0.6022094264874006
discovery,9,4,period,0.0232953184859184,0.020933109087166474,0.02414451921298136,1.1128456068764354,0.9648284267095124
discovery,9,4,comma,0.012473441900297751,0.032963941312017964,0.037128354856760484,0.3783965570813037,0.3359546079652526
discovery,9,4,newline,0.01567727026945845,0.02552521990751185,0.027704447021683946,0.6141874713034212,0.5658755887525216
discovery,9,4,punct,0.035768760382643844,0.0538970503124976,0.06127287406974185,0.663649683521731,0.5837617530708813
discovery,9,4,the,0.009960641349682244,0.03240263612860279,0.03556399806415672,0.3074021912954695,0.2800765350316759
discovery,9,5,initial,0.7231989835872178,0.0776144377536693,0.02887046509761203,9.317840913600225,25.049786386954878
discovery,9,5,boundary,0.004152220779389561,0.005034398440562639,0.00943671621803957,0.8247699955439984,0.44000695617528734
discovery,9,5,period,0.010353506352303163,0.01928888722449693,0.02414451921298136,0.5367601682669484,0.4288139374809573
discovery,9,5,comma,0.01047169218411351,0.03217027599980227,0.037128354856760484,0.32550831034765987,0.28204029573927597
discovery,9,5,newline,0.009925940746204134,0.023585343752399773,0.027704447021683946,0.4208520702690282,0.35827969200883947
discovery,9,5,punct,0.020825198534052528,0.05145916319632777,0.06127287406974185,0.4046936879754519,0.3398763131357104
discovery,9,5,the,0.010786459545541631,0.0332753761502953,0.03556399806415672,0.3241574038659187,0.3032971581564896
discovery,9,6,initial,0.4549214942508749,0.05748583404790467,0.02887046509761203,7.913627796924285,15.757331678335273
discovery,9,6,boundary,0.008997382300074361,0.008503749829566584,0.00943671621803957,1.0580487996943975,0.9534441952248853
discovery,9,6,period,0.021344773844303565,0.022467385211077724,0.02414451921298136,0.9500337330656241,0.8840421983978664
discovery,9,6,comma,0.02594754317013129,0.03481838948683677,0.037128354856760484,0.7452252546011889,0.6988605681624123
discovery,9,6,newline,0.018999376072876405,0.02672768825559557,0.027704447021683946,0.7108499579606851,0.6857879551974387
discovery,9,6,punct,0.04729231702344701,0.05728577466789924,0.06127287406974185,0.8255507985640947,0.7718312179973486
discovery,9,6,the,0.016505784986652568,0.0333466923770789,0.03556399806415672,0.49497517774800187,0.46411500070595185
discovery,9,7,initial,0.6725192901686905,0.08032340267424276,0.02887046509761203,8.372644432110777,23.29436979608329
discovery,9,7,boundary,0.0042454390501326265,0.005338554000107859,0.00943671621803957,0.795241379977959,0.4498852092231926
discovery,9,7,period,0.015230235224318966,0.01915005027140037,0.02414451921298136,0.7953104565508401,0.6307947194960251
discovery,9,7,comma,0.011564143420725415,0.03399693535282686,0.037128354856760484,0.34015252553533043,0.3114639327635
discovery,9,7,newline,0.01142369876440601,0.025101280998195773,0.027704447021683946,0.4551042142122994,0.4123416993475746
discovery,9,7,punct,0.026794378661116173,0.05314698557460815,0.06127287406974185,0.5041561317433896,0.4372959334438653
discovery,9,7,the,0.006312178117999169,0.029835673214918965,0.03556399806415672,0.21156479602554573,0.1774878658640159
discovery,9,8,initial,0.49784454857351396,0.05647069670998545,0.02887046509761203,8.815980279653296,17.244077879947014
discovery,9,8,boundary,0.004578780341231384,0.005709614279918146,0.00943671621803957,0.8019421482351039,0.4852090743683084
discovery,9,8,period,0.011206150437334436,0.01758342614672421,0.02414451921298136,0.6373132485003294,0.4641281252479619
discovery,9,8,comma,0.020296033739165213,0.033964541804937326,0.037128354856760484,0.5975653625986745,0.5466451130804582
discovery,9,8,newline,0.015188603144239421,0.023504731145150993,0.027704447021683946,0.6461934429474561,0.5482370080280425
discovery,9,8,punct,0.031502184205277665,0.051547967956380114,0.06127287406974185,0.6111236864261034,0.5141293710071659
discovery,9,8,the,0.028774137317425577,0.04060086799872938,0.03556399806415672,0.7087074423710861,0.8090804994848336
discovery,9,9,initial,0.550298458888699,0.06991595521714258,0.02887046509761203,7.870856618916252,19.06094886341876
discovery,9,9,boundary,0.006338300922759831,0.007914954853290307,0.00943671621803957,0.8008006413485671,0.6716638263046741
discovery,9,9,period,0.023194737936937944,0.022343784720304776,0.02414451921298136,1.0380845603054827,0.960662655252511
discovery,9,9,comma,0.017925993089245917,0.03426830794664411,0.037128354856760484,0.5231070386421401,0.4828114027245104
discovery,9,9,newline,0.015960739033616972,0.026637729826001724,0.027704447021683946,0.5991779005896108,0.576107475493905
discovery,9,9,punct,0.041120731015828055,0.05661209258569714,0.06127287406974185,0.7263594956074292,0.6711082455349446
discovery,9,9,the,0.008119046083660823,0.03199535357793993,0.03556399806415672,0.2537570358109348,0.2282939637161781
discovery,9,10,initial,0.6394844434305277,0.0750839315254366,0.02887046509761203,8.516928062216428,22.150126133001628
discovery,9,10,boundary,0.004588737096564918,0.0059779613973308795,0.00943671621803957,0.7676090211311434,0.48626418242745517
discovery,9,10,period,0.014002329396810561,0.02013313432741558,0.02414451921298136,0.6954868113974378,0.5799382159277859
discovery,9,10,comma,0.010283499585992669,0.03244919594846185,0.037128354856760484,0.31691076729067996,0.27697159288812945
discovery,9,10,newline,0.010685367151434769,0.024476114979192914,0.027704447021683946,0.436563039539501,0.38569140698139387
discovery,9,10,punct,0.024285828968786907,0.05258233018095857,0.06127287406974185,0.46186292781641386,0.39635530954765325
discovery,9,10,the,0.010545226132917017,0.03181466664958679,0.03556399806415672,0.33145801114512,0.2965140790384041
discovery,9,11,initial,0.5854527918666623,0.07091161489547058,0.02887046509761203,8.256091653386639,20.2786061771858
discovery,9,11,boundary,0.00766574569183471,0.006041954511412794,0.00943671621803957,1.2687526325057061,0.8123319081250522
discovery,9,11,period,0.024170621409472064,0.020315567905956768,0.02414451921298136,1.1897585891450737,1.0010810816426061
discovery,9,11,comma,0.014750495854167735,0.032627226648282395,0.037128354856760484,0.4520916231457953,0.3972838524915656
discovery,9,11,newline,0.0151664806904412,0.02422446577457351,0.027704447021683946,0.6260811211102226,0.5474384916822406
discovery,9,11,punct,0.03892111726873207,0.05294279448509285,0.06127287406974185,0.7351541913733156,0.6352095908612247
discovery,9,11,the,0.012027866578898169,0.0317303454637798,0.03556399806415672,0.3790651000830729,0.3382034426275737
discovery,9,12,initial,0.6379194710349758,0.0759088766828114,0.02887046509761203,8.403753275134745,22.095919441482785
discovery,9,12,boundary,0.006231870251480872,0.005853952456368712,0.00943671621803957,1.0645577151384293,0.6603854675175886
discovery,9,12,period,0.015172472362669491,0.020013338526603634,0.02414451921298136,0.7581180092717063,0.6284023396296072
discovery,9,12,comma,0.011715176082192505,0.03349856248731224,0.037128354856760484,0.349721755571741,0.3155317850033788
discovery,9,12,newline,0.01187189899526078,0.02488520458897261,0.027704447021683946,0.47706656189282765,0.4285196158569339
discovery,9,12,punct,0.026887648466360974,0.05351190092217409,0.06127287406974185,0.5024610974942839,0.4388181373009692
discovery,9,12,the,0.005817188377047898,0.0316595319807462,0.03556399806415672,0.18374208376123918,0.16356958423385948
discovery,10,1,initial,0.5797579880305725,0.07267639379763405,0.02887046509761203,7.977253104287163,20.081352554258856
discovery,10,1,boundary,0.0021793540818636986,0.005818921916728846,0.00943671621803957,0.3745288410896636,0.2309441156763373
discovery,10,1,period,0.007131762767179471,0.019382046336351353,0.02414451921298136,0.3679571621807409,0.29537812305432287
discovery,10,1,comma,0.0058969625772814374,0.03260535535930677,0.037128354856760484,0.18085871208265264,0.15882639023548586
discovery,10,1,newline,0.0049468410354980095,0.024098639761553645,0.027704447021683946,0.20527469950358251,0.17855765291493364
discovery,10,1,punct,0.013028725354553142,0.051987401590472805,0.06127287406974185,0.2506131284880524,0.21263447410225314
discovery,10,1,the,0.0035242131856398472,0.031440936784296866,0.03556399806415672,0.1120899548832785,0.09909496618693543
discovery,10,2,initial,0.8072031050691866,0.09002899278584547,0.02887046509761203,8.96603505261137,27.95947700669197
discovery,10,2,boundary,0.0023491261075006776,0.004329526035370074,0.00943671621803957,0.542582741923593,0.24893469859886244
discovery,10,2,period,0.010060364790623815,0.01866535583918249,0.02414451921298136,0.5389859629413013,0.41667281513788995
discovery,10,2,comma,0.006801975038072139,0.03283156981566182,0.037128354856760484,0.20717788020076203,0.18320162755160715
discovery,10,2,newline,0.00593795707028882,0.02372242204493355,0.027704447021683946,0.25030989917646296,0.21433227184217934
discovery,10,2,punct,0.016862339828390548,0.05149692561345529,0.06127287406974185,0.3274436216826252,0.27520073253292376
discovery,10,2,the,0.00413347096584316,0.030998251200929992,0.03556399806415672,0.1333452954829642,0.11622627350239034
discovery,10,3,initial,0.6141679714595576,0.07677400877684258,0.02887046509761203,7.999686107895537,21.273227479468538
discovery,10,3,boundary,0.002889901521001426,0.006172350706056016,0.00943671621803957,0.4682011211977946,0.3062401638693961
discovery,10,3,period,0.01263383914943151,0.02059539809005244,0.02414451921298136,0.6134301990275024,0.5232590898989157
discovery,10,3,comma,0.009244679457579263,0.03319673741290744,0.037128354856760484,0.27848156710679584,0.24899243430647058
discovery,10,3,newline,0.006095469858571852,0.025085250538384063,0.027704447021683946,0.24299019255338514,0.22001774133232108
discovery,10,3,punct,0.021878518591844864,0.05379213540734228,0.06127287406974185,0.40672336999022696,0.35706695538620165
discovery,10,3,the,0.004503143144339307,0.031908282235056026,0.03556399806415672,0.14112772073301802,0.12662083538008662
discovery,10,4,initial,0.4619257789171493,0.052833675702769374,0.02887046509761203,8.743018023501564,15.99994241018849
discovery,10,4,boundary,0.010375132156018757,0.008468665368321535,0.00943671621803957,1.2251200991869016,1.0994430600959768
discovery,10,4,period,0.02751839400563872,0.022562622168732352,0.02414451921298136,1.2196452078949476,1.1397366732754566
discovery,10,4,comma,0.023768341532192327,0.034406902735665885,0.037128354856760484,0.6908015439458396,0.640166838091521
discovery,10,4,newline,0.024505865618963306,0.02778502387043836,0.027704447021683946,0.8819810892815577,0.8845462823994592
discovery,10,4,punct,0.05128673556057037,0.05696952488209666,0.06127287406974185,0.9002486095278605,0.8370218687994775
discovery,10,4,the,0.019086201541823063,0.03496311721149361,0.03556399806415672,0.5458953052260671,0.5366719879860512
discovery,10,5,initial,0.7601584150538763,0.08752010077812125,0.02887046509761203,8.685529476034434,26.32996775368026
discovery,10,5,boundary,0.00537251240669021,0.0057525205073739585,0.00943671621803957,0.9339405917464128,0.5693201196852693
discovery,10,5,period,0.019638698521321697,0.01974856938830387,0.02414451921298136,0.9944365151306989,0.8133812211411897
discovery,10,5,comma,0.008259208238626387,0.03259945240860476,0.037128354856760484,0.2533542016321211,0.22245015354141165
discovery,10,5,newline,0.01673162316811941,0.025677800639052242,0.027704447021683946,0.6515987643689786,0.6039327605067794
discovery,10,5,punct,0.027897906777737614,0.05234802174219413,0.06127287406974185,0.5329314432383037,0.4553059930889439
discovery,10,5,the,0.004845990088781509,0.031138570916847807,0.03556399806415672,0.15562660539952852,0.13626111665059262
discovery,10,6,initial,0.702980282126407,0.08071621640021352,0.02887046509761203,8.709281894989163,24.349461629717656
discovery,10,6,boundary,0.006570976253551397,0.005714845235967181,0.00943671621803957,1.1498082594076275,0.6963202136978623
discovery,10,6,period,0.008576535624670893,0.018478936549151084,0.02414451921298136,0.46412495664231807,0.3552166663173685
discovery,10,6,comma,0.010550688408572083,0.032395757169178745,0.037128354856760484,0.3256811795900849,0.2841679479006318
discovery,10,6,newline,0.011932499635352636,0.024437023654317887,0.027704447021683946,0.4882959481542356,0.4307070134268772
discovery,10,6,punct,0.019127224023365884,0.050874693616220004,0.06127287406974185,0.3759673555511633,0.3121646293528674
discovery,10,6,the,0.009071747543414001,0.031441360727768694,0.03556399806415672,0.2885291009495631,0.25508233149289783
discovery,10,7,initial,0.7771834726721949,0.08917428973546902,0.02887046509761203,8.715331234795029,26.91967275360861
discovery,10,7,boundary,0.002569689944956949,0.005319151858718032,0.00943671621803957,0.48310144421713686,0.272307642360235
discovery,10,7,period,0.0021681717720779246,0.018478479320244236,0.02414451921298136,0.11733496758591859,0.08979974929101929
discovery,10,7,comma,0.001885036508516659,0.03277448112047328,0.037128354856760484,0.05751537306075399,0.05077080618812885
discovery,10,7,newline,0.004855848970630771,0.025078014380013964,0.027704447021683946,0.19362972271443715,0.1752732681085515
discovery,10,7,punct,0.0040532082809167464,0.051252960375710706,0.06127287406974185,0.07908242277528231,0.06615012503417604
discovery,10,7,the,0.0009382912022046684,0.031118125949140832,0.03556399806415672,0.030152561363695315,0.026383175494274023
discovery,10,8,initial,0.6455583654353124,0.07760679812300865,0.02887046509761203,8.318322377017626,22.36051145184733
discovery,10,8,boundary,0.006961781340513561,0.006079275019037646,0.00943671621803957,1.1451663757129409,0.7377334635967082
discovery,10,8,period,0.023537302228185026,0.021547143465349916,0.02414451921298136,1.092362997723364,0.9748507319843477
discovery,10,8,comma,0.014865895105743395,0.03414919243511966,0.037128354856760484,0.435322010439551,0.4003919689707596
discovery,10,8,newline,0.015619585962737995,0.024962921843765133,0.027704447021683946,0.6257114475819754,0.5637934570761411
discovery,10,8,punct,0.03840319731638176,0.055696335814683404,0.06127287406974185,0.6895103017936308,0.6267569115930579
discovery,10,8,the,0.008949299132687473,0.0321615981040291,0.03556399806415672,0.27826039936635905,0.2516392874767095
discovery,10,9,initial,0.5091012193493653,0.068456808957804,0.02887046509761203,7.436823700958213,17.63398052743787
discovery,10,9,boundary,0.00514288172933112,0.006429501824845578,0.00943671621803957,0.7998880581163286,0.5449863713714099
discovery,10,9,period,0.016680973823834867,0.020944181591096032,0.02414451921298136,0.7964490639694617,0.6908803474896406
discovery,10,9,comma,0.006046634599303313,0.033956204758794295,0.037128354856760484,0.17807156725126352,0.16285759556627155
discovery,10,9,newline,0.009735101822735888,0.024808623470851516,0.027704447021683946,0.3924079799983254,0.35139130606419744
discovery,10,9,punct,0.02272760842384206,0.05490038623177324,0.06127287406974185,0.4139790260835834,0.3709244713733046
discovery,10,9,the,0.003136468039522714,0.03187944478109947,0.03556399806415672,0.09838527807053428,0.08819222276034855
discovery,10,10,initial,0.7661171926908729,0.08905573330886685,0.02887046509761203,8.602671206285988,26.536364762417385
discovery,10,10,boundary,0.001928268914665761,0.0045963800630211705,0.00943671621803957,0.4195190319832522,0.20433685512123506
discovery,10,10,period,0.0038258866235875598,0.01857073480077002,0.02414451921298136,0.20601697588341644,0.15845776798614247
discovery,10,10,comma,0.0020396926329554655,0.032572786915241396,0.037128354856760484,0.06261953078387211,0.05493625130508765
discovery,10,10,newline,0.003355071989267965,0.024318448823528772,0.027704447021683946,0.13796406233039996,0.12110229042442137
discovery,10,10,punct,0.0058655792575717835,0.051143521656529675,0.06127287406974185,0.11468860703343654,0.09572880898153201
discovery,10,10,the,0.0013761370295031488,0.03128059183769411,0.03556399806415672,0.043993318177722576,0.038694666078336465
discovery,10,11,initial,0.668339042990223,0.0740417087099736,0.02887046509761203,9.026521060017028,23.149576590835853
discovery,10,11,boundary,0.0027312660396875584,0.0047596473912836145,0.00943671621803957,0.57383789494351,0.28942971014285357
discovery,10,11,period,0.010295101716836768,0.019196581863459208,0.02414451921298136,0.5362986905722809,0.42639497709697943
discovery,10,11,comma,0.014038163508615292,0.03352153683190739,0.037128354856760484,0.41878042701351037,0.3780981829863966
discovery,10,11,newline,0.007061459909734633,0.02255500539782236,0.027704447021683946,0.3130772875104877,0.2548854306389047
discovery,10,11,punct,0.02433326523180198,0.05271811866035198,0.06127287406974185,0.4615730957429336,0.3971294900269479
discovery,10,11,the,0.01282494377458017,0.03385126194760465,0.03556399806415672,0.3788616150981537,0.36061591701372364
discovery,10,12,initial,0.7206667088531415,0.08709507261122419,0.02887046509761203,8.274483127995776,24.962074785305422
discovery,10,12,boundary,0.005797907019181068,0.004910515798663226,0.00943671621803957,1.1807124255173793,0.6143987892840921
discovery,10,12,period,0.02059428080594155,0.018811424329577883,0.02414451921298136,1.0947751985776226,0.8529588278100391
discovery,10,12,comma,0.016438769287385593,0.033712146625451876,0.037128354856760484,0.487621552849284,0.44275512208406814
discovery,10,12,newline,0.01892978162107791,0.0253355862452364,0.027704447021683946,0.747161776240212,0.6832759234018204
discovery,10,12,punct,0.0370330500922274,0.05252357089012005,0.06127287406974185,0.7050748733306992,0.6043955119532297
discovery,10,12,the,0.0066137165231286744,0.03101598163336772,0.03556399806415672,0.21323576346245585,0.18596662026574362
discovery,11,1,initial,0.5536231289283056,0.07404532507819894,0.02887046509761203,7.476814077642668,19.17610703729527
discovery,11,1,boundary,0.0015832884099586505,0.005806474700192349,0.00943671621803957,0.2726763641812133,0.16777959338567147
discovery,11,1,period,0.0027860359635735045,0.019426679194018727,0.02414451921298136,0.14341287750462756,0.11538999550985407
discovery,11,1,comma,0.002675286826359793,0.033498744984898896,0.037128354856760484,0.07986230014186507,0.0720550866495682
discovery,11,1,newline,0.003121696830333882,0.024584669891821235,0.027704447021683946,0.1269773742771466,0.11267854680118923
discovery,11,1,punct,0.005461322783892927,0.052925424053490315,0.06127287406974185,0.1031890226967915,0.08913116720584634
discovery,11,1,the,0.001449457206786145,0.03201356624233544,0.03556399806415672,0.045276343029517004,0.04075630653705902
discovery,11,2,initial,0.7184192450847452,0.08633047957532089,0.02887046509761203,8.321733513109294,24.884228316230622
discovery,11,2,boundary,0.00110925801242308,0.004614673988142299,0.00943671621803957,0.24037624657199833,0.11754703509072172
discovery,11,2,period,0.0016593625539599406,0.018396220190943245,0.02414451921298136,0.09020127704151266,0.06872626202752384
discovery,11,2,comma,0.0016427566631520088,0.03278229957087564,0.037128354856760484,0.05011108691751027,0.04424533943100064
discovery,11,2,newline,0.0021415848462970465,0.02417013323984534,0.027704447021683946,0.08860459415120502,0.07730112225740703
discovery,11,2,punct,0.0033021192180348706,0.05117851969476253,0.06127287406974185,0.06452158518318381,0.053892024295715935
discovery,11,2,the,0.0012590747608787827,0.0311695441179207,0.03556399806415672,0.040394391272308885,0.03540307134781184
discovery,11,3,initial,0.6824393518486808,0.08429937588586257,0.02887046509761203,8.095425911250777,23.63797568003598
discovery,11,3,boundary,0.006832765262644001,0.005552505265142956,0.00943671621803957,1.230573396397866,0.7240617503769201
discovery,11,3,period,0.012477975098430032,0.019162933539901315,0.02414451921298136,0.6511516137363952,0.5168036268753373
discovery,11,3,comma,0.007475116014777209,0.033000541695759625,0.037128354856760484,0.22651494886636112,0.20133173267751478
discovery,11,3,newline,0.014019476268126007,0.02510745086001086,0.027704447021683946,0.5583791180671036,0.5060370364784083
discovery,11,3,punct,0.019953091113608677,0.052163475140199235,0.06127287406974185,0.38251077137750045,0.32564314007692413
discovery,11,3,the,0.002709099658299713,0.03110417786213791,0.03556399806415672,0.08709761339158913,0.07617534039374743
discovery,11,4,initial,0.5172301993388584,0.07258297010750576,0.02887046509761203,7.126054480448602,17.91554786492304
discovery,11,4,boundary,0.021848976403281005,0.008258427092636252,0.00943671621803957,2.6456583267245852,2.315315613869336
discovery,11,4,period,0.034178237775534415,0.02161385312018752,0.02414451921298136,1.5813116516282633,1.41556920119405
discovery,11,4,comma,0.015227889600248977,0.033701514060387835,0.037128354856760484,0.4518458598911308,0.41014178136891566
discovery,11,4,newline,0.042304906680796,0.027998649600713944,0.027704447021683946,1.5109623958334497,1.5270077994223976
discovery,11,4,punct,0.049406127373941046,0.05531536702093304,0.06127287406974185,0.8931718261083624,0.8063295238559585
discovery,11,4,the,0.010462964605117713,0.032312357383895915,0.03556399806415672,0.3238069101802002,0.29420102279397103
discovery,11,5,initial,0.49157039166557986,0.06916301472693585,0.02887046509761203,7.107417072641507,17.02675692973991
discovery,11,5,boundary,0.01814005048290092,0.007834965535235602,0.00943671621803957,2.3152687017346834,1.9222841996905382
discovery,11,5,period,0.040300653722111494,0.021095725731053106,0.02414451921298136,1.9103705762911278,1.6691429374349995
discovery,11,5,comma,0.021006202368114825,0.03388093933858475,0.037128354856760484,0.6200005896587483,0.5657725059231901
discovery,11,5,newline,0.03726446088243969,0.026971699569148647,0.027704447021683946,1.3816133754160724,1.3450714556140837
discovery,11,5,punct,0.06130685613628235,0.05497666497208431,0.06127287406974185,1.1151432369972305,1.0005546021311458
discovery,11,5,the,0.00973407087548705,0.0317230606511181,0.03556399806415672,0.3068452625848372,0.2737057531587699
discovery,11,6,initial,0.7477676122513847,0.07951336839142777,0.02887046509761203,9.404300526802993,25.900781636982874
discovery,11,6,boundary,0.004420618471317618,0.005508891360623912,0.00943671621803957,0.8024515609283969,0.4684488087992943
discovery,11,6,period,0.012274811369304348,0.02010150170070787,0.02414451921298136,0.6106415108714038,0.5083891404515839
discovery,11,6,comma,0.012781841158676685,0.03379002241698695,0.037128354856760484,0.37827264513003067,0.34426090808462834
discovery,11,6,newline,0.010491091523244423,0.024513370234150032,0.027704447021683946,0.4279742615166432,0.3786789721893084
discovery,11,6,punct,0.0250566525120465,0.053891524094746145,0.06127287406974185,0.4649460733007783,0.4089354856037369
discovery,11,6,the,0.008437034522907486,0.031785956732988924,0.03556399806415672,0.2654327693761423,0.23723526549763188
discovery,11,7,initial,0.6836165853915759,0.08312099247456863,0.02887046509761203,8.22435542502374,23.67875207691476
discovery,11,7,boundary,0.0018547599706342992,0.005078105625048729,0.00943671621803957,0.36524643392318196,0.19654718100865134
discovery,11,7,period,0.003078891772707005,0.01888995287629782,0.02414451921298136,0.16299097159581835,0.12751928276342034
discovery,11,7,comma,0.0027377906475568366,0.03261126848999568,0.037128354856760484,0.08395228932590347,0.0737385391332072
discovery,11,7,newline,0.0037034108130604036,0.02432162813878783,0.027704447021683946,0.15226821131905435,0.1336756806646163
discovery,11,7,punct,0.0058166824181244215,0.05150122127378834,0.06127287406974185,0.11294261134511843,0.09493079125852286
discovery,11,7,the,0.003018153275239275,0.031969079776598824,0.03556399806415672,0.09440851273575115,0.08486540995178857
discovery,11,8,initial,0.5380707378669297,0.07350484939646874,0.02887046509761203,7.320207337133586,18.63741148775034
discovery,11,8,boundary,0.0080382084365402,0.006429947822641141,0.00943671621803957,1.250120321075709,0.8518014371539612
discovery,11,8,period,0.015743212639118365,0.0196944368820763,0.02414451921298136,0.799373586225565,0.6520408420745851
discovery,11,8,comma,0.01759327163734287,0.03355021275111034,0.037128354856760484,0.5243862913137748,0.4738500185428877
discovery,11,8,newline,0.015426298269970594,0.025192804157155038,0.027704447021683946,0.6123295435371117,0.5568166820978817
discovery,11,8,punct,0.03333648428812185,0.053244649496541084,0.06127287406974185,0.6261001735073396,0.544065947521536
discovery,11,8,the,0.010890959252540858,0.03183102970827087,0.03556399806415672,0.3421491341108261,0.3062355147161405
discovery,11,9,initial,0.7254380434994657,0.08663345529700855,0.02887046509761203,8.373647813219739,25.127341767676235
discovery,11,9,boundary,0.009589481674373422,0.005538487733644292,0.00943671621803957,1.7314260021053798,1.0161884126643355
discovery,11,9,period,0.0142977586631977,0.018929839349519063,0.02414451921298136,0.7553026942915367,0.5921740887476639
discovery,11,9,comma,0.014131201502353622,0.0329727761549722,0.037128354856760484,0.42857178406625246,0.38060403044711133
discovery,11,9,newline,0.020278384830126332,0.025442810118651564,0.027704447021683946,0.7970182827902604,0.7319541449159652
discovery,11,9,punct,0.028428960161574854,0.05190261541834098,0.06127287406974185,0.547736562645913,0.46397301568091154
discovery,11,9,the,0.010494713567096435,0.03120556526206586,0.03556399806415672,0.33630903587104793,0.29509375037542707
discovery,11,10,initial,0.6011553748958197,0.06682286675837291,0.02887046509761203,8.996252391708335,20.822503997192037
discovery,11,10,boundary,0.006103052591163281,0.006271703847144345,0.00943671621803957,0.97310918052072,0.6467347804203822
discovery,11,10,period,0.01794822435588686,0.019591909352825183,0.02414451921298136,0.9161038892464404,0.7433664011929031
discovery,11,10,comma,0.00956098932576182,0.030011929494186282,0.037128354856760484,0.3185729637147759,0.2575117955710045
discovery,11,10,newline,0.011005193463058047,0.023310588878020993,0.027704447021683946,0.47211134479037486,0.3972356298771966
discovery,11,10,punct,0.027509213673571974,0.04960383880123298,0.06127287406974185,0.5545783217263457,0.448962352284316
discovery,11,10,the,0.010677370827048295,0.032536188029891715,0.03556399806415672,0.32816907798906125,0.3002297662874275
discovery,11,11,initial,0.6769997161799378,0.08318667711054921,0.02887046509761203,8.138319015679075,23.44956043801091
discovery,11,11,boundary,0.0032812554407019886,0.005161968322872377,0.00943671621803957,0.6356597397475183,0.34771157306070316
discovery,11,11,period,0.004262274028427028,0.018906872166962112,0.02414451921298136,0.22543517461735052,0.1765317416689501
discovery,11,11,comma,0.0038965816008274764,0.033012056550591036,0.037128354856760484,0.11803510619994116,0.10494894308838386
discovery,11,11,newline,0.00597093019907461,0.02470298050051293,0.027704447021683946,0.24170889820160085,0.21552244642895174
discovery,11,11,punct,0.008158855630602369,0.0519189285904338,0.06127287406974185,0.1571460708475725,0.1331560785171562
discovery,11,11,the,0.002913295153506976,0.031546412744505495,0.03556399806415672,0.09234949079953285,0.08191697537075138
discovery,11,12,initial,0.5828638280660868,0.07234961102967172,0.02887046509761203,8.056212324722038,20.188931009438342
discovery,11,12,boundary,0.0058592831786038755,0.005810177311429577,0.00943671621803957,1.0084516985527616,0.6209027635485166
discovery,11,12,period,0.011367427265663189,0.018649565613072582,0.02414451921298136,0.6095277231387678,0.47080777071557767
discovery,11,12,comma,0.010737792001412012,0.032238682842264915,0.037128354856760484,0.33307167212597055,0.28920731992672255
discovery,11,12,newline,0.01014717177614242,0.024284319938262373,0.027704447021683946,0.41784871068818924,0.36626508979588535
discovery,11,12,punct,0.022105219260602757,0.0508882483817242,0.06127287406974185,0.4343875052406311,0.3607668090685972
discovery,11,12,the,0.01796640311739766,0.03629191169738339,0.03556399806415672,0.495052541381914,0.5051851337126562
discovery,12,1,initial,0.1710030406374445,0.04132228154775889,0.02887046509761203,4.1382768383639466,5.923113467665913
discovery,12,1,boundary,0.01758766196127825,0.010215162479439096,0.00943671621803957,1.7217212155634718,1.8637481042035613
discovery,12,1,period,0.022950313759542918,0.022768262038464493,0.02414451921298136,1.0079958549656038,0.9505392738242484
discovery,12,1,comma,0.03441212775655454,0.03537576881539505,0.037128354856760484,0.9727598553724959,0.9268422446756657
discovery,12,1,newline,0.04170947115514047,0.02846705221248243,0.027704447021683946,1.4651840606401603,1.5055153825122354
discovery,12,1,punct,0.05736244151174036,0.05814403062435934,0.06127287406974185,0.9865577067116579,0.9361800369678992
discovery,12,1,the,0.030676843208690078,0.034013419559346204,0.03556399806415672,0.9019041192011139,0.8625813991258712
discovery,12,2,initial,0.594227232609773,0.07746423595770764,0.02887046509761203,7.670988105197308,20.58253064509596
discovery,12,2,boundary,0.00443876594529299,0.005758799245363779,0.00943671621803957,0.7707797678251235,0.47037187965954547
discovery,12,2,period,0.01095730708782045,0.019612557712259938,0.02414451921298136,0.5586883285993324,0.4538217137879153
discovery,12,2,comma,0.014089473270218911,0.033490020289104507,0.037128354856760484,0.4207066209154468,0.3794801392244677
discovery,12,2,newline,0.00868663995450494,0.024537156836452335,0.027704447021683946,0.35401982439954455,0.3135467727511763
discovery,12,2,punct,0.02504678035790268,0.0531025778750616,0.06127287406974185,0.4716678805468185,0.40877436774703924
discovery,12,2,the,0.010385207892576603,0.03210178107128937,0.03556399806415672,0.3235087757129072,0.2920146344019562
discovery,12,3,initial,0.6230624687995252,0.07968927788867484,0.02887046509761203,7.818648697883013,21.581310404696623
discovery,12,3,boundary,0.004510402128346969,0.005714932369444198,0.00943671621803957,0.7892310594019548,0.47796309904124484
discovery,12,3,period,0.014746923904537707,0.019893893728200506,0.02414451921298136,0.7412789123143483,0.6107772854971155
discovery,12,3,comma,0.008357416729640044,0.033400847852884843,0.037128354856760484,0.2502157060937664,0.22509526107156055
discovery,12,3,newline,0.008264713896747038,0.02492291767749856,0.027704447021683946,0.3316110097417993,0.2983172300922788
discovery,12,3,punct,0.023104340616724867,0.05329474147333298,0.06127287406974185,0.4335200805558942,0.37707290489470274
discovery,12,3,the,0.0040283268792845476,0.03191371521904653,0.03556399806415672,0.12622556952818792,0.11326979806987754
discovery,12,4,initial,0.5464962080534469,0.06531666355275734,0.02887046509761203,8.366872683446744,18.929248496888587
discovery,12,4,boundary,0.0075330324283283566,0.007145307393347871,0.00943671621803957,1.0542628908227867,0.7982684075979669
discovery,12,4,period,0.035956189711054715,0.02166024596225603,0.02414451921298136,1.6600083754224224,1.4892071113067673
discovery,12,4,comma,0.01915148287629508,0.0332030750368414,0.037128354856760484,0.5767984698719928,0.5158182459249981
discovery,12,4,newline,0.014975632029758554,0.02554946248688104,0.027704447021683946,0.5861427432161493,0.5405497542700384
discovery,12,4,punct,0.05510767257154372,0.05486332090027926,0.06127287406974185,1.0044538257483282,0.8993812255129278
discovery,12,4,the,0.012880581943080135,0.033463677614002,0.03556399806415672,0.38491232468993763,0.36218036903060874
discovery,12,5,initial,0.45261357206006386,0.06953497966776097,0.02887046509761203,6.509149412607257,15.677391082192887
discovery,12,5,boundary,0.012481189005210907,0.0071107671445171106,0.00943671621803957,1.7552521059327277,1.322619936514718
discovery,12,5,period,0.0329626491531942,0.02148360542403197,0.02414451921298136,1.5343164474768072,1.3652228426015518
discovery,12,5,comma,0.029980217772299207,0.03430879854738031,0.037128354856760484,0.8738346733680181,0.8074749847646504
discovery,12,5,newline,0.027773893249902815,0.02604450940016889,0.027704447021683946,1.0664010914224673,1.0025066816227919
discovery,12,5,punct,0.06294286692010073,0.0557924038216554,0.06127287406974185,1.1281619469435717,1.0272550108953282
discovery,12,5,the,0.01893986953138808,0.032792898719108225,0.03556399806415672,0.5775600898725044,0.5325573771886093
discovery,12,6,initial,0.6693311920704124,0.08275214803017791,0.02887046509761203,8.088384507267676,23.183942129348477
discovery,12,6,boundary,0.0038957614628338977,0.005349329239970152,0.00943671621803957,0.7282710201729208,0.41283020203432824
discovery,12,6,period,0.011446007123239383,0.01929893571567317,0.02414451921298136,0.5930900694147492,0.4740623336614385
discovery,12,6,comma,0.009607423779274519,0.033205888214160414,0.037128354856760484,0.2893289201394559,0.25876244224500455
discovery,12,6,newline,0.007780356590754827,0.024810208283250992,0.027704447021683946,0.3135949727599519,0.280834213534933
discovery,12,6,punct,0.021053430889134132,0.05250482385719086,0.06127287406974185,0.400980887897041,0.34360116460622936
discovery,12,6,the,0.005616220945340683,0.03137925887972552,0.03556399806415672,0.17897876322915277,0.15791871699039955
discovery,12,7,initial,0.6787384563808728,0.08404285030667291,0.02887046509761203,8.076099916937036,23.50978600746593
discovery,12,7,boundary,0.0020823756879159512,0.005064789979175359,0.00943671621803957,0.4111474901186328,0.22066740588587438
discovery,12,7,period,0.005874039143374138,0.018980764760002516,0.02414451921298136,0.3094732597788836,0.24328664785405818
discovery,12,7,comma,0.003468235991084381,0.033080195301224934,0.037128354856760484,0.1048432743368947,0.09341205675459305
discovery,12,7,newline,0.00392760413853468,0.024603505567549103,0.027704447021683946,0.15963595625637225,0.14176800336280274
discovery,12,7,punct,0.009342275129799299,0.05206095998459487,0.06127287406974185,0.1794487679935931,0.15247000033270447
discovery,12,7,the,0.0025799729109196342,0.031336537548612216,0.03556399806415672,0.08233114162396962,0.07254451274756613
discovery,12,8,initial,0.639244437006987,0.0800032696204161,0.02887046509761203,7.990228899893083,22.141812916614942
discovery,12,8,boundary,0.0051499730563260146,0.005490585765026325,0.00943671621803957,0.9379642312720202,0.5457378326669545
discovery,12,8,period,0.0218332854735412,0.01955511248311646,0.02414451921298136,1.1165001220213728,0.9042750150022651
discovery,12,8,comma,0.011488218047530002,0.033203787875755515,0.037128354856760484,0.345991189032935,0.309418989660356
discovery,12,8,newline,0.010854745715930429,0.024658914222786796,0.027704447021683946,0.4401956070677184,0.39180517508378876
discovery,12,8,punct,0.033321503491515025,0.05275890025477463,0.06127287406974185,0.6315807063946421,0.5438214543941241
discovery,12,8,the,0.008742890531619581,0.0316660758705524,0.03556399806415672,0.2760964309995214,0.24583542367333355
discovery,12,9,initial,0.00013050308034485967,0.010807572957544797,0.02887046509761203,0.012075151456993413,0.004520297123846958
discovery,12,9,boundary,0.011111590654291804,0.009816184467464585,0.00943671621803957,1.1319663654570469,1.177484879014427
discovery,12,9,period,0.04560523908436971,0.02172390483599338,0.02414451921298136,2.0993113083799004,1.8888443659648415
discovery,12,9,comma,0.03462152387215244,0.03177686902255897,0.037128354856760484,1.0895196706627706,0.9324820344375806
discovery,12,9,newline,0.028663576101247586,0.025416073269412826,0.027704447021683946,1.1277735863211802,1.0346200405592987
discovery,12,9,punct,0.08022676298609491,0.05350077370110395,0.06127287406974185,1.4995439773320416,1.309335724888299
discovery,12,9,the,0.03018004024437974,0.03297504647693583,0.03556399806415672,0.9152387477448731,0.8486121326948552
discovery,12,10,initial,0.7184290677287761,0.08625986492996159,0.02887046509761203,8.328659780676706,24.884568547813235
discovery,12,10,boundary,0.0013636637460204745,0.004682099812052907,0.00943671621803957,0.29125046469749744,0.1445061729644519
discovery,12,10,period,0.003985599939330888,0.018604991350168198,0.02414451921298136,0.21422207967298282,0.1650726570354741
discovery,12,10,comma,0.003124798956798644,0.03287771253418235,0.037128354856760484,0.09504307678187308,0.08416206343787591
discovery,12,10,newline,0.002714237805460202,0.02430879985720745,0.027704447021683946,0.11165659437750658,0.09797119586381926
discovery,12,10,punct,0.0071103988977490136,0.05148270381058387,0.06127287406974185,0.1381123828287987,0.11604480784850787
discovery,12,10,the,0.0015880936580197351,0.031141556568690536,0.03556399806415672,0.050995962726422976,0.04465453111190836
discovery,12,11,initial,0.476752918208773,0.06549864247746666,0.02887046509761203,7.278821364470098,16.513517070017926
discovery,12,11,boundary,0.007430989681593636,0.006730037688986107,0.00943671621803957,1.1041527588700812,0.7874550330747773
discovery,12,11,period,0.029295137870041697,0.020510473954549562,0.02414451921298136,1.4283013612927045,1.2133245483840942
discovery,12,11,comma,0.021099844702735446,0.03306114718305889,0.037128354856760484,0.6382066715926717,0.5682946304552866
discovery,12,11,newline,0.01430707790121239,0.024694222034021114,0.027704447021683946,0.5793694525586429,0.5164181003148848
discovery,12,11,punct,0.050394982527212466,0.053571621030092,0.06127287406974185,0.9407029609745211,0.8224680707787922
discovery,12,11,the,0.01633621482034001,0.03344270162571741,0.03556399806415672,0.4884837057475487,0.45934697192564833
discovery,12,12,initial,0.45330056741524033,0.06327388521804814,0.02887046509761203,7.164101996473288,15.70118686632223
discovery,12,12,boundary,0.015421262139081572,0.007416695715362656,0.00943671621803957,2.0792631558469585,1.6341767393197357
discovery,12,12,period,0.044878534919701174,0.02187346311356045,0.02414451921298136,2.0517343178217966,1.8587462655115583
discovery,12,12,comma,0.025867198453111105,0.03308508831226002,0.037128354856760484,0.7818385796336457,0.6966965962511829
discovery,12,12,newline,0.025816122151616352,0.025094722839858776,0.027704447021683946,1.0287470523727704,0.9318403695771431
discovery,12,12,punct,0.07074573342241393,0.05495855127389473,0.06127287406974185,1.2872561554587065,1.1546011917425305
discovery,12,12,the,0.013284919956931703,0.03313239083856142,0.03556399806415672,0.40096472426825097,0.37354967607876877
validation,1,1,initial,0.09676345352634441,0.041210347205452774,0.029450842729354172,2.3480378130262656,3.285592008879888
validation,1,1,boundary,0.00877646457256567,0.010299046946046702,0.009394827155987037,0.8521627892894035,0.9341805258197535
validation,1,1,period,0.015296758211823691,0.024057089715185005,0.024190661549647448,0.6358523991440357,0.63234145872487
validation,1,1,comma,0.02176221632952178,0.03445140816370173,0.03592988077125396,0.6316785725017365,0.6056857373969592
validation,1,1,newline,0.01875407649302808,0.024164930292067666,0.023514501835234455,0.7760865132387433,0.7975536383648457
validation,1,1,punct,0.03705897454156645,0.058508497633771785,0.060120542320901305,0.6333947382059522,0.6164111817847434
validation,1,1,the,0.02123884523672385,0.035526739198870796,0.03686889291267578,0.5978270372024157,0.5760640897742223
validation,1,2,initial,0.0014500877271241316,0.0018070688532101518,0.029450842729354172,0.8024529472400213,0.049237563096243886
validation,1,2,boundary,0.005246655055973577,0.005265433492881175,0.009394827155987037,0.9964336389524269,0.558462116317919
validation,1,2,period,0.01121068590997561,0.004781798155504494,0.024190661549647448,2.3444498377813376,0.4634303153292223
validation,1,2,comma,0.016238806224926138,0.007116179521293481,0.03592988077125396,2.281955672469386,0.45195825525583566
validation,1,2,newline,0.010217741109912262,0.00801315402554022,0.023514501835234455,1.2751210169360767,0.43452934625227135
validation,1,2,punct,0.027449492105440478,0.011897977617707438,0.060120542320901305,2.3070720913601437,0.4565742597417901
validation,1,2,the,0.01646778150693495,0.007114891408055186,0.03686889291267578,2.3145513490607614,0.44665787893167824
validation,1,3,initial,0.1206815649648726,0.045100198506454636,0.029450842729354172,2.6758544077716406,4.097728750036317
validation,1,3,boundary,0.00841286941997552,0.009646165679905297,0.009394827155987037,0.8721464775896441,0.8954788928303224
validation,1,3,period,0.033101684382914276,0.024605698976718035,0.024190661549647448,1.345285269653797,1.3683662315302285
validation,1,3,comma,0.03213250231792308,0.03407926039163332,0.03592988077125396,0.9428755773646957,0.8943114095616757
validation,1,3,newline,0.018904727505523945,0.023160161440991863,0.023514501835234455,0.8162606100000626,0.8039603661599516
validation,1,3,punct,0.06523418671286359,0.058684959124425715,0.060120542320901305,1.1115997639966315,1.0850565246844837
validation,1,3,the,0.0214982736281562,0.034932519805551926,0.03686889291267578,0.6154229282005421,0.5831006013409462
validation,1,4,initial,0.0029033653240718798,0.0025895713583922353,0.029450842729354172,1.121176025778439,0.09858343785789343
validation,1,4,boundary,0.0027806515466030335,0.0030202130048437134,0.009394827155987037,0.9206806083357434,0.29597687114775806
validation,1,4,period,0.0029522048410396532,0.0029591914410025785,0.024190661549647448,0.9976390172443327,0.12203902877896608
validation,1,4,comma,0.008867955858514054,0.0069845688120777315,0.03592988077125396,1.2696497231410426,0.24681283845531002
validation,1,4,newline,0.003703098298826725,0.003932165840476441,0.023514501835234455,0.9417451982081303,0.1574814692981482
validation,1,4,punct,0.011820160698860193,0.0099437602439444,0.060120542320901305,1.1887012969825466,0.19660768586830987
validation,1,4,the,0.00341708769713208,0.0032856288396496745,0.03686889291267578,1.0400102579743675,0.09268213464465762
validation,1,5,initial,0.014367168657559567,0.010322043017279414,0.029450842729354172,1.3918919571937929,0.48783557026161284
validation,1,5,boundary,0.004378355920322418,0.00534703178220029,0.009394827155987037,0.8188385816028824,0.4660390071713267
validation,1,5,period,0.006263714601617208,0.00925751304021855,0.024190661549647448,0.6766087797451632,0.2589310998693417
validation,1,5,comma,0.011103076950903791,0.013241437211542207,0.03592988077125396,0.8385099573047505,0.3090207012261202
validation,1,5,newline,0.007337762579603339,0.009370279620694725,0.023514501835234455,0.7830889660322973,0.3120526486599148
validation,1,5,punct,0.017366791551417463,0.022498950239957405,0.060120542320901305,0.7718934157458869,0.28886618252243845
validation,1,5,the,0.009611113384329203,0.012418047655743914,0.03686889291267578,0.7739633194178978,0.26068353631049324
validation,1,6,initial,0.015826206080025444,0.010820202749356573,0.029450842729354172,1.4626533759699238,0.5373770192406476
validation,1,6,boundary,0.004841571297788162,0.005803975330748576,0.009394827155987037,0.8341819221970597,0.5153443716846644
validation,1,6,period,0.0064739511995426,0.008840488264121723,0.024190661549647448,0.7323069728870646,0.2676219162611926
validation,1,6,comma,0.008126289636783215,0.013220417280608066,0.03592988077125396,0.6146772423517217,0.22617079328815165
validation,1,6,newline,0.012270077344551066,0.010916650994617097,0.023514501835234455,1.1239781642374873,0.5218089428611842
validation,1,6,punct,0.014600240839523982,0.022060905473958135,0.060120542320901305,0.6618151216303828,0.24284945337973293
validation,1,6,the,0.03448804617271517,0.01442268455138861,0.03686889291267578,2.391236253544398,0.9354239698599124
validation,1,7,initial,0.05312730373849515,0.034405398229391516,0.029450842729354172,1.5441560473818339,1.8039315284361024
validation,1,7,boundary,0.0024630844152131845,0.009265672136251124,0.009394827155987037,0.26582900614156035,0.26217453225241466
validation,1,7,period,0.006910164639633293,0.022955616179769496,0.024190661549647448,0.3010228340428142,0.2856542234469814
validation,1,7,comma,0.010082093021992936,0.033759092639142695,0.03592988077125396,0.29864822285842596,0.28060468906590996
validation,1,7,newline,0.0061337298890055654,0.02211652143157514,0.023514501835234455,0.27733700835288727,0.2608488128723484
validation,1,7,punct,0.016992257659378736,0.05671470859503841,0.060120542320901305,0.2996093620212178,0.2826364667284657
validation,1,7,the,0.008809915765045882,0.03437400338968746,0.03686889291267578,0.25629588922682606,0.23895254424677806
validation,1,8,initial,0.025019170179596414,0.017720782205914297,0.029450842729354172,1.4118547301623223,0.8495230649090856
validation,1,8,boundary,0.011513334226545385,0.010578415227290664,0.009394827155987037,1.0883798734656185,1.2254971842891529
validation,1,8,period,0.047163151573492296,0.03342953763895784,0.024190661549647448,1.4108227305701557,1.9496429015261738
validation,1,8,comma,0.0463343615081486,0.036837453475211134,0.03592988077125396,1.2578057693192113,1.2895773799844847
validation,1,8,newline,0.025672717932398236,0.022417631742225184,0.023514501835234455,1.1452020546863506,1.0917823440312004
validation,1,8,punct,0.09349751309229715,0.07026699107176879,0.060120542320901305,1.330603625773606,1.5551674932212332
validation,1,8,the,0.03974201039821354,0.03518280652908201,0.03686889291267578,1.1295861336520412,1.077927956566061
validation,1,9,initial,0.05601628037536992,0.03197437820079455,0.029450842729354172,1.7519114843640002,1.9020264000641824
validation,1,9,boundary,0.01417391645305254,0.01153971150598326,0.009394827155987037,1.2282730331432863,1.5086936904443138
validation,1,9,period,0.046868614364399534,0.026689940284561238,0.024190661549647448,1.7560404356359922,1.937467244052389
validation,1,9,comma,0.06691356276349918,0.0378689513039835,0.03592988077125396,1.7669769153723678,1.8623374563779238
validation,1,9,newline,0.030395513226030072,0.02446475625717236,0.023514501835234455,1.242420439693487,1.2926284145422555
validation,1,9,punct,0.11378217715421136,0.06455889135430197,0.060120542320901305,1.7624555621590507,1.892567378166418
validation,1,9,the,0.06207272636848376,0.03740014933667187,0.03686889291267578,1.6596919389201408,1.6836070048401894
validation,1,10,initial,0.09830513694303543,0.04213469204966352,0.029450842729354172,2.333116303001922,3.3379396931502057
validation,1,10,boundary,0.014574838456028976,0.011284775538586051,0.009394827155987037,1.2915488133718929,1.5513684513866628
validation,1,10,period,0.032926109205350294,0.025849534543985062,0.024190661549647448,1.273760235385433,1.3611082581505571
validation,1,10,comma,0.03879784395005183,0.035937088741802445,0.03592988077125396,1.0796045341569842,1.0798211159412587
validation,1,10,newline,0.03116275838685887,0.025512315292476596,0.023514501835234455,1.2214790398129232,1.325257009704716
validation,1,10,punct,0.07172395314648443,0.06178662301625811,0.060120542320901305,1.1608330354551255,1.1930024310766925
validation,1,10,the,0.03435151290368395,0.03673209200729297,0.03686889291267578,0.93519075627012,0.931720759423011
validation,1,11,initial,0.06099833894219394,0.032813430893188604,0.029450842729354172,1.8589442579396946,2.0711916294808033
validation,1,11,boundary,0.01236035791068947,0.009909331459424056,0.009394827155987037,1.2473452887615761,1.315655701319911
validation,1,11,period,0.031608025842082735,0.022600458473236513,0.024190661549647448,1.398556842531004,1.3066209775707183
validation,1,11,comma,0.03745363645833503,0.03134355813864994,0.03592988077125396,1.1949388864103057,1.0424091495538768
validation,1,11,newline,0.026080289282256326,0.021783342149083305,0.023514501835234455,1.1972583960608563,1.1091151096884928
validation,1,11,punct,0.06906166229139352,0.05394401639012304,0.060120542320901305,1.280246946981843,1.1487198821788367
validation,1,11,the,0.03451678125001737,0.032031313662008704,0.03686889291267578,1.0775949314547346,0.9362033552721694
validation,1,12,initial,0.09438667830413724,0.0445068123381915,0.029450842729354172,2.1207242969217006,3.2048888777658098
validation,1,12,boundary,0.010721335748331607,0.008811196128604527,0.009394827155987037,1.2167855069672133,1.1411956356748114
validation,1,12,period,0.03423172701840181,0.023587082648922703,0.024190661549647448,1.4512912651351262,1.4150802345006848
validation,1,12,comma,0.040315683016164096,0.03566400356498521,0.03592988077125396,1.1304306579799102,1.1220655941730548
validation,1,12,newline,0.030677405626240817,0.02397211054019051,0.023514501835234455,1.2797123380024684,1.3046164380260596
validation,1,12,punct,0.07454741004584507,0.05925108605211675,0.060120542320901305,1.2581610737105107,1.2399656950520916
validation,1,12,the,0.029181358691706592,0.035725501357606056,0.03686889291267578,0.8168215303574404,0.7914899631193927
validation,2,1,initial,0.03567609348473041,0.016928892376958944,0.029450842729354172,2.107408605969244,1.2113776781392886
validation,2,1,boundary,0.008341914931748443,0.009340635207680914,0.009394827155987037,0.893077905974616,0.8879263868556001
validation,2,1,period,0.02178786661642419,0.020821157774918615,0.024190661549647448,1.0464291588371748,0.9006726240912466
validation,2,1,comma,0.029596594731997338,0.02971309295838195,0.03592988077125396,0.9960792292290881,0.8237320607998335
validation,2,1,newline,0.015922481923306874,0.01911675132322524,0.023514501835234455,0.8329073101433507,0.6771345629550359
validation,2,1,punct,0.05138446134715963,0.05053425070572964,0.060120542320901305,1.016824443413259,0.8546905826778525
validation,2,1,the,0.045503509028182856,0.038184941277409144,0.03686889291267578,1.191661097436426,1.2341978679956087
validation,2,2,initial,0.059351047167445416,0.02661813057873112,0.029450842729354172,2.2297225942256484,2.0152580254788153
validation,2,2,boundary,0.0198369098208266,0.014659614103094399,0.009394827155987037,1.3531672581094316,2.1114715035694025
validation,2,2,period,0.07137298956832897,0.037597244770261606,0.024190661549647448,1.8983569143019503,2.9504356225168693
validation,2,2,comma,0.0686057597765279,0.04383497366945179,0.03592988077125396,1.5650918441029804,1.90943466284521
validation,2,2,newline,0.04454499791157083,0.02982999044784189,0.023514501835234455,1.4932957484333866,1.8943628159208539
validation,2,2,punct,0.13997874931272755,0.08143221834311784,0.060120542320901305,1.7189602857547317,2.3283015074210835
validation,2,2,the,0.03472742591723472,0.03505725969312753,0.03686889291267578,0.9905915699407198,0.9419166992479774
validation,2,3,initial,0.037589994335769206,0.02888088806149141,0.029450842729354172,1.3015525788450446,1.2763639628655719
validation,2,3,boundary,0.012867932357413087,0.011957693956438994,0.009394827155987037,1.0761215669417552,1.3696827140893961
validation,2,3,period,0.030266920712307365,0.0261357330108377,0.024190661549647448,1.1580666476718517,1.2511820170849552
validation,2,3,comma,0.038888578207904874,0.03601217103635571,0.03592988077125396,1.0798731953329144,1.0823464306905812
validation,2,3,newline,0.029022254275429076,0.02511794155091541,0.023514501835234455,1.1554391993706736,1.2342279023722174
validation,2,3,punct,0.06915549891866145,0.06214790390071421,0.060120542320901305,1.1127567396181597,1.1502806902428604
validation,2,3,the,0.031260321584085655,0.03572235520261147,0.03686889291267578,0.8750912812658104,0.8478779565778103
validation,2,4,initial,0.44441663802831316,0.061220281274903005,0.029450842729354172,7.259304086381254,15.090116167893399
validation,2,4,boundary,0.005861065210206575,0.006512333916704686,0.009394827155987037,0.8999945772394208,0.6238608877941406
validation,2,4,period,0.017736608251448384,0.020451113176496182,0.024190661549647448,0.8672685979672005,0.7332006284758622
validation,2,4,comma,0.02300654078518068,0.03301480425094333,0.03592988077125396,0.6968552837784375,0.6403177603524718
validation,2,4,newline,0.01604635420209688,0.021987616334191867,0.023514501835234455,0.7297905310974514,0.6824024729306747
validation,2,4,punct,0.04074314904736682,0.05346591734690917,0.060120542320901305,0.7620396519713348,0.6776909767362859
validation,2,4,the,0.017407722248460867,0.033188111333987254,0.03686889291267578,0.5245168088439544,0.47215201958168834
validation,2,5,initial,0.14740316543195608,0.041398239146079645,0.029450842729354172,3.5606143756941644,5.0050576408476335
validation,2,5,boundary,0.008326164872077883,0.009165188265754598,0.009394827155987037,0.9084554109148312,0.8862499260321007
validation,2,5,period,0.018461002353956764,0.022500077829924473,0.024190661549647448,0.8204861553591671,0.7631458245186277
validation,2,5,comma,0.02758942698538208,0.033447015789037526,0.03592988077125396,0.8248696134626364,0.767868592746772
validation,2,5,newline,0.02064733021883648,0.022402225900940497,0.023514501835234455,0.9216642270342277,0.8780679413713215
validation,2,5,punct,0.046050429343145245,0.05594709353442304,0.060120542320901305,0.8231067323418939,0.7659682957839106
validation,2,5,the,0.024268040347804665,0.033780457375348176,0.03686889291267578,0.7184047296385825,0.658225361018669
validation,2,6,initial,0.1222475209335251,0.043672530796206185,0.029450842729354172,2.799185636939197,4.150900606035251
validation,2,6,boundary,0.016170972496880345,0.011714567654330155,0.009394827155987037,1.3804156477685228,1.7212634387398045
validation,2,6,period,0.041145645012553786,0.022289045711186173,0.024190661549647448,1.8460029893475465,1.700889615114864
validation,2,6,comma,0.07345764009473911,0.03514229782047166,0.03592988077125396,2.090291319879128,2.044472136225667
validation,2,6,newline,0.0341360516653224,0.024831472129588198,0.023514501835234455,1.3747091387565071,1.4517020987522036
validation,2,6,punct,0.11460328510777985,0.0574313433161717,0.060120542320901305,1.9954832760373462,1.9062250718908977
validation,2,6,the,0.03765140845318915,0.033086533346606044,0.03686889291267578,1.1379677664856165,1.0212242754987724
validation,2,7,initial,0.17085936847361588,0.05139234027857325,0.029450842729354172,3.3246076661905084,5.801510335163257
validation,2,7,boundary,0.017065859415174505,0.00968093769789996,0.009394827155987037,1.7628312409113551,1.8165165927825455
validation,2,7,period,0.02884656779286487,0.023078631197694974,0.024190661549647448,1.249925420002638,1.1924670903960986
validation,2,7,comma,0.03064928261400571,0.03319501915954831,0.03592988077125396,0.9233096828983051,0.8530304569929705
validation,2,7,newline,0.03193909178993716,0.023749977460655634,0.023514501835234455,1.3448051410931934,1.3582721000739715
validation,2,7,punct,0.05949585040956148,0.0562736501567298,0.060120542320901305,1.0572594854582458,0.9896093433754232
validation,2,7,the,0.03121651004901334,0.03472247657303628,0.03686889291267578,0.8990289037520586,0.8466896503496824
validation,2,8,initial,0.11241732392315835,0.045647998950152445,0.029450842729354172,2.4626999322778187,3.817117389687122
validation,2,8,boundary,0.012524499936491336,0.01003882105759998,0.009394827155987037,1.2476066526765661,1.3331272335872464
validation,2,8,period,0.03562940966436493,0.024867934804430718,0.024190661549647448,1.4327450166073639,1.4728580113958971
validation,2,8,comma,0.03467705632716611,0.03547113217470479,0.03592988077125396,0.9776134620223668,0.9651314054710088
validation,2,8,newline,0.023578410850636757,0.023952050485131268,0.023514501835234455,0.9844005157417961,1.0027178553834613
validation,2,8,punct,0.07030646598233499,0.060339066744412036,0.060120542320901305,1.1651898144222794,1.1694250129525607
validation,2,8,the,0.03131768303018889,0.036376854528519534,0.03686889291267578,0.860923338097739,0.8494337788868527
validation,2,9,initial,0.17580329184075133,0.049588109794059,0.029450842729354172,3.545271085566036,5.969380688231549
validation,2,9,boundary,0.01260373938214055,0.009167495682883954,0.009394827155987037,1.3748290501703957,1.3415616033030018
validation,2,9,period,0.032976222282403336,0.023772139892518935,0.024190661549647448,1.3871793802114094,1.363179845856011
validation,2,9,comma,0.03529019867504608,0.03523054583478119,0.03592988077125396,1.001693213626171,0.9821963757608775
validation,2,9,newline,0.029993073755849062,0.02400534039788147,0.023514501835234455,1.2494333868515368,1.2755138920658327
validation,2,9,punct,0.0682664209527453,0.05900268553330168,0.060120542320901305,1.1570053182446258,1.1354924343224366
validation,2,9,the,0.042363466731099725,0.03666889163631338,0.03686889291267578,1.1552971699081023,1.1490300734399017
validation,2,10,initial,0.18013580981000768,0.054808874589789135,0.029450842729354172,3.2866175625428165,6.116490840870341
validation,2,10,boundary,0.006483580508145426,0.008504999224808353,0.009394827155987037,0.7623258199992985,0.6901223833600427
validation,2,10,period,0.009094950120215111,0.022708625965322592,0.024190661549647448,0.4005064037825818,0.3759694666286487
validation,2,10,comma,0.01480432050847504,0.03430576248502022,0.03592988077125396,0.4315403429653959,0.4120336664272868
validation,2,10,newline,0.015551719252237223,0.022849598269672814,0.023514501835234455,0.6806123708913641,0.6613671580715484
validation,2,10,punct,0.023899270632081797,0.057014388234946436,0.060120542320901305,0.4191796381923285,0.39752253904358176
validation,2,10,the,0.05544611539764628,0.03692547086743023,0.03686889291267578,1.501568269683245,1.503872533655154
validation,2,11,initial,0.0036668654775598762,0.016165059236711674,0.029450842729354172,0.2268389755870636,0.12450799833666719
validation,2,11,boundary,0.009390880282217141,0.009795085042857305,0.009394827155987037,0.958733920239425,0.9995798886233493
validation,2,11,period,0.028007162042989944,0.02501686733694999,0.024190661549647448,1.1195311413601046,1.1577675122902176
validation,2,11,comma,0.03967758409792755,0.0360026755529786,0.03592988077125396,1.1020732067410173,1.1043060329237713
validation,2,11,newline,0.026877097379814977,0.02333893795303148,0.023514501835234455,1.1515989902327122,1.143000926328023
validation,2,11,punct,0.06768474613909953,0.06101954276782972,0.060120542320901305,1.1092306344645995,1.1258172918305243
validation,2,11,the,0.032859421499987,0.036041550322161595,0.03686889291267578,0.9117094355339667,0.8912505612201256
validation,2,12,initial,0.033645901217602636,0.012923268793806788,0.029450842729354172,2.6035132252086832,1.1424427316664585
validation,2,12,boundary,0.009737200875329767,0.005437963212444338,0.009394827155987037,1.7905970479989588,1.036442790661087
validation,2,12,period,0.028548537935254404,0.010555564876932889,0.024190661549647448,2.7045959423395347,1.1801470528891125
validation,2,12,comma,0.03297498773904278,0.014729515210800577,0.03592988077125396,2.238701496086138,0.9177594534470243
validation,2,12,newline,0.021456370125805573,0.011024047001692336,0.023514501835234455,1.9463242602749915,0.9124739395352638
validation,2,12,punct,0.06152352566150385,0.025285079995913284,0.060120542320901305,2.4331948196900157,1.0233361724036676
validation,2,12,the,0.021970565509364073,0.01359628615373288,0.03686889291267578,1.6159240296168689,0.5959106383096857
validation,3,1,initial,0.16293158943048316,0.0309650158583685,0.029450842729354172,5.261795768996832,5.532323503533784
validation,3,1,boundary,0.0069247768902785025,0.007749407772346524,0.009394827155987037,0.8935878835785765,0.7370840117974446
validation,3,1,period,0.01777579138321028,0.01910072307255213,0.024190661549647448,0.9306344747102382,0.7348203911963433
validation,3,1,comma,0.018089013474819473,0.02841113572113669,0.03592988077125396,0.6366874472167618,0.5034532006933838
validation,3,1,newline,0.015296518145035088,0.01872597314253279,0.023514501835234455,0.8168610532870897,0.6505142338212148
validation,3,1,punct,0.035864804852046926,0.04751185877109934,0.060120542320901305,0.7548600660907605,0.596548259006278
validation,3,1,the,0.016326680531265694,0.031472461035041706,0.03686889291267578,0.5187608466045102,0.44283077796600906
validation,3,2,initial,0.2714159030633044,0.05879168917985383,0.029450842729354172,4.616569226868048,9.215895978174485
validation,3,2,boundary,0.01015713437480714,0.008277646057552697,0.009394827155987037,1.2270558929660396,1.0811411648307236
validation,3,2,period,0.022807782968993235,0.022536425370550263,0.024190661549647448,1.0120408447205462,0.9428341974932734
validation,3,2,comma,0.022265769493324036,0.034150384418696514,0.03592988077125396,0.6519917673645297,0.6197006228625722
validation,3,2,newline,0.01812115099789993,0.022919664914159525,0.023514501835234455,0.7906376932546197,0.7706372486593335
validation,3,2,punct,0.045073552459325296,0.05668680960857232,0.060120542320901305,0.7951329907356289,0.749719658527684
validation,3,2,the,0.02493803729329964,0.03534998400745625,0.03686889291267578,0.7054610629537922,0.6763977793519742
validation,3,3,initial,0.059399968282402835,0.012560014850970792,0.029450842729354172,4.729291245846869,2.016919136347764
validation,3,3,boundary,0.007229749659830158,0.007943412236601666,0.009394827155987037,0.9101566737927698,0.7695457872498335
validation,3,3,period,0.035752451435742315,0.031414463619155474,0.024190661549647448,1.1380888710747137,1.4779443448607699
validation,3,3,comma,0.03772234139391671,0.03938452713125691,0.03592988077125396,0.957795970691723,1.0498877420182486
validation,3,3,newline,0.01585675618275092,0.018824518808233222,0.023514501835234455,0.8423458970869259,0.6743394477951874
validation,3,3,punct,0.07347479283252967,0.07079899075736297,0.060120542320901305,1.0377943533734402,1.2221245849770996
validation,3,3,the,0.029403901263387787,0.03225612219480667,0.03686889291267578,0.9115758269331551,0.797526015577173
validation,3,4,initial,0.0874054638540628,0.022479932912911848,0.029450842729354172,3.8881550133034217,2.967842538744884
validation,3,4,boundary,0.011408304955688113,0.011461225692654448,0.009394827155987037,0.9953826284914491,1.2143177055064762
validation,3,4,period,0.015531593161902394,0.021615658215197724,0.024190661549647448,0.7185343609375868,0.6420491283393095
validation,3,4,comma,0.02229268421126441,0.03016941709908309,0.03592988077125396,0.7389166366075376,0.6204497129614713
validation,3,4,newline,0.024168826712395765,0.02437849323736564,0.023514501835234455,0.9913995289647962,1.027826440115387
validation,3,4,punct,0.03782427737826819,0.051785075314806896,0.060120542320901305,0.7304088513597875,0.6291406550589004
validation,3,4,the,0.0850915758121178,0.055054730326464636,0.03686889291267578,1.5455815568896638,2.3079503909612304
validation,3,5,initial,0.30130662854411966,0.039045916130733126,0.029450842729354172,7.716725803930121,10.230832146742003
validation,3,5,boundary,0.0056293918745029545,0.007028365082066112,0.009394827155987037,0.8009532528222191,0.5992012179719043
validation,3,5,period,0.04318343285678743,0.030776432684431785,0.024190661549647448,1.403133147352445,1.7851282309150733
validation,3,5,comma,0.05167805539558383,0.04373319440713963,0.03592988077125396,1.181666605793314,1.4383030025785486
validation,3,5,newline,0.01521023752308487,0.019454418903704373,0.023514501835234455,0.7818397248652152,0.6468449822863626
validation,3,5,punct,0.09486148827642636,0.07450962707876949,0.060120542320901305,1.273144048568938,1.577854833213092
validation,3,5,the,0.04412319025077836,0.04214081560740072,0.03686889291267578,1.04704167716748,1.196759293946917
validation,3,6,initial,0.09424911198946619,0.022611056706516926,0.029450842729354172,4.168275424398978,3.200217829268649
validation,3,6,boundary,0.010360252351666556,0.010029438761509182,0.009394827155987037,1.0329842574468837,1.1027613578887698
validation,3,6,period,0.05443396619623234,0.03664625802427615,0.024190661549647448,1.485389481244519,2.2502057698800577
validation,3,6,comma,0.08036629571373177,0.05396060766162834,0.03592988077125396,1.4893511988909762,2.2367537544969975
validation,3,6,newline,0.027864621027363277,0.023971012840791065,0.023514501835234455,1.1624298569456575,1.1849972932707655
validation,3,6,punct,0.13480026192434355,0.09060686563468051,0.060120542320901305,1.4877488695817733,2.242166432977757
validation,3,6,the,0.031185767319499975,0.03417931792200005,0.03686889291267578,0.9124163153480241,0.8458558111132783
validation,3,7,initial,0.14320986038355796,0.03785254364783838,0.029450842729354172,3.783361607502859,4.862674447030956
validation,3,7,boundary,0.042559399977704,0.019075152453674474,0.009394827155987037,2.231143372566111,4.530088661671885
validation,3,7,period,0.12803894969233529,0.04237843189252586,0.024190661549647448,3.021323441533878,5.29290815092245
validation,3,7,comma,0.05716480017003795,0.036764148263930915,0.03592988077125396,1.5549061482303397,1.5910100157018385
validation,3,7,newline,0.09342697064235558,0.03877849941849159,0.023514501835234455,2.4092466713089156,3.973163935047236
validation,3,7,punct,0.1852037498626418,0.07914258003744462,0.060120542320901305,2.3401277766660704,3.080540239874957
validation,3,7,the,0.026476201878167717,0.03335194989353607,0.03686889291267578,0.7938426977338155,0.7181176267179158
validation,3,8,initial,0.2649952106642877,0.03525453858771341,0.029450842729354172,7.5166268310384705,8.997882101355366
validation,3,8,boundary,0.010389813800848555,0.008731291963489282,0.009394827155987037,1.1899514807538836,1.1059079244717605
validation,3,8,period,0.02171936720888328,0.02302659093791218,0.024190661549647448,0.9432298192748705,0.8978409773667316
validation,3,8,comma,0.02432306746935383,0.03460154038511919,0.03592988077125396,0.7029475335096429,0.6769593148445326
validation,3,8,newline,0.02636657820299538,0.022904159459002295,0.023514501835234455,1.1511698672108315,1.1212901037727847
validation,3,8,punct,0.04604243468189543,0.0576281312444441,0.060120542320901305,0.7989576216968576,0.7658353185860812
validation,3,8,the,0.0227667722894587,0.034884647420805825,0.03686889291267578,0.6526301388352342,0.6175062631628769
validation,3,9,initial,0.12181590127490498,0.024521908677622634,0.029450842729354172,4.967635385824089,4.1362450098410575
validation,3,9,boundary,0.009698508300043525,0.010417388377267422,0.009394827155987037,0.9309922937314481,1.0323242928277783
validation,3,9,period,0.03187078398425406,0.028201212554026748,0.024190661549647448,1.130121051468879,1.3174829435253101
validation,3,9,comma,0.03257561289609072,0.03473752922382489,0.03592988077125396,0.9377642458735548,0.9066440577268251
validation,3,9,newline,0.0215759329164559,0.022720697428329103,0.023514501835234455,0.9496157846613519,0.917558580132292
validation,3,9,punct,0.06444639688324734,0.06293874175078214,0.060120542320901305,1.0239543259132038,1.0719530196393807
validation,3,9,the,0.028256686572329655,0.03494560633262467,0.03686889291267578,0.8085905364861178,0.7664099553858534
validation,3,10,initial,0.08269618319130576,0.01920651016026628,0.029450842729354172,4.305632959931709,2.8079394518949035
validation,3,10,boundary,0.0073054182600108975,0.008913513463948702,0.009394827155987037,0.8195890755713948,0.7776000706256078
validation,3,10,period,0.027563536437564214,0.0261509210061369,0.024190661549647448,1.0540178080571545,1.1394287990427414
validation,3,10,comma,0.01731054602027814,0.026908124137475283,0.03592988077125396,0.643320431102424,0.4817869040669794
validation,3,10,newline,0.012881920459249418,0.018156104121689776,0.023514501835234455,0.7095090649904527,0.5478287632675667
validation,3,10,punct,0.044874082464092066,0.05305904513749836,0.060120542320901305,0.8457385983446253,0.7464018242645043
validation,3,10,the,0.014450820237859775,0.02717864519695713,0.03686889291267578,0.531697593207393,0.39195156394000324
validation,3,11,initial,0.0351849240935532,0.02424563825856327,0.029450842729354172,1.4511857233177312,1.1947000775799115
validation,3,11,boundary,0.011091265291792494,0.010308242334361813,0.009394827155987037,1.0759608604485877,1.1805715110707884
validation,3,11,period,0.020940522972625147,0.022552360646646754,0.024190661549647448,0.9285290928397215,0.8656449072154594
validation,3,11,comma,0.025638118969776018,0.03239387570892377,0.03592988077125396,0.7914495690527485,0.7135598120405686
validation,3,11,newline,0.02409217894161322,0.022058449301968434,0.023514501835234455,1.092197307789143,1.024566844342548
validation,3,11,punct,0.046578641945724475,0.05494623627740167,0.060120542320901305,0.847713057370617,0.7747541879629902
validation,3,11,the,0.023797411441139643,0.03248799756811405,0.03686889291267578,0.7324985601604469,0.6454604291347714
validation,3,12,initial,0.5006272529738031,0.06407636883263493,0.029450842729354172,7.812977890201966,16.99874117608251
validation,3,12,boundary,0.006205561468664229,0.006832099396541321,0.009394827155987037,0.9082949630103054,0.660529604816584
validation,3,12,period,0.013089586696399404,0.01958947969846603,0.024190661549647448,0.6681947095013653,0.5411008156819163
validation,3,12,comma,0.015558325401061848,0.031423386841353707,0.03592988077125396,0.49511930332687215,0.43301912133005
validation,3,12,newline,0.013786004252642965,0.021341149377423714,0.023514501835234455,0.6459822762511023,0.5862766878601623
validation,3,12,punct,0.028647912104827363,0.051012866528186825,0.060120542320901305,0.5615820880992474,0.4765078789861103
validation,3,12,the,0.015992062464172806,0.032395376221079394,0.03686889291267578,0.49365262360394835,0.433754886593696
validation,4,1,initial,0.6061417006834359,0.08200923536266262,0.029450842729354172,7.391139522310455,20.581472192620275
validation,4,1,boundary,0.007499013893279447,0.005671036430948432,0.009394827155987037,1.3223356937640587,0.7982066906361927
validation,4,1,period,0.017091139510848775,0.017553669067872372,0.024190661549647448,0.9736505481996273,0.7065180700317747
validation,4,1,comma,0.015248836889878424,0.029750787265164245,0.03592988077125396,0.5125523823611072,0.42440544089081417
validation,4,1,newline,0.018778136761719192,0.021056699959550843,0.023514501835234455,0.8917891596399868,0.7985768481636202
validation,4,1,punct,0.03233997639293753,0.04730445626847441,0.060120542320901305,0.6836560219484055,0.5379189066578716
validation,4,1,the,0.020887012277905497,0.03055067949305383,0.03686889291267578,0.6836840497329849,0.5665212765508453
validation,4,2,initial,0.3613059788680727,0.04993019597883222,0.029450842729354172,7.2362219251301845,12.268103231828835
validation,4,2,boundary,0.02033244065534248,0.012687660828510208,0.009394827155987037,1.6025365849671696,2.1642165755423433
validation,4,2,period,0.05631793139487947,0.03214019591747712,0.024190661549647448,1.7522584971006676,2.328085624251985
validation,4,2,comma,0.03931626920380378,0.03626190609671613,0.03592988077125396,1.0842306275610882,1.0942499212315542
validation,4,2,newline,0.05134846155266819,0.032078375734925314,0.023514501835234455,1.6007188760733473,2.183693361333598
validation,4,2,punct,0.09563420060239805,0.06840210196969224,0.060120542320901305,1.3981178625880806,1.590707550373347
validation,4,2,the,0.047526040726488854,0.04218614369333206,0.03686889291267578,1.1265794065457757,1.2890552704973972
validation,4,3,initial,0.16619238560571664,0.024900282215393643,0.029450842729354172,6.674317349824035,5.643043465104983
validation,4,3,boundary,0.008706745535214735,0.009676128222071288,0.009394827155987037,0.8998170895828576,0.9267595231559095
validation,4,3,period,0.016404004723481923,0.021363785550986416,0.024190661549647448,0.7678416675889406,0.67811310946645
validation,4,3,comma,0.023417163712232285,0.0314162207737599,0.03592988077125396,0.745384490415577,0.6517462126110757
validation,4,3,newline,0.016459409080349787,0.021544803008961184,0.023514501835234455,0.7639619203528473,0.6999684363156178
validation,4,3,punct,0.03982116845063594,0.05278000631864013,0.060120542320901305,0.7544744919170735,0.6623554431376419
validation,4,3,the,0.07845900273624729,0.052285662700011816,0.03686889291267578,1.500583500039095,2.1280542087899943
validation,4,4,initial,0.4847486911121858,0.052111027802146916,0.029450842729354172,9.302228560001934,16.459586422259772
validation,4,4,boundary,0.003973319825172681,0.005174420344390754,0.009394827155987037,0.7678772810716652,0.4229263358656477
validation,4,4,period,0.01734752839078628,0.020793866200447653,0.024190661549647448,0.8342618069944501,0.7171167417304096
validation,4,4,comma,0.02194584568203743,0.03482756011942139,0.03592988077125396,0.6301287143511225,0.6107965072791282
validation,4,4,newline,0.008624763897745304,0.017790352436595765,0.023514501835234455,0.48480005826099737,0.36678488696800027
validation,4,4,punct,0.039293374065164546,0.05562142632360458,0.060120542320901305,0.7064431220543737,0.6535765072681978
validation,4,4,the,0.011716871693677916,0.02896918344699081,0.03686889291267578,0.4044598535239353,0.3177983055099974
validation,4,5,initial,0.5617140561933999,0.08021920795892931,0.029450842729354172,7.002238871281135,19.07293659999514
validation,4,5,boundary,0.008858010788063557,0.0067294178897237215,0.009394827155987037,1.316311593843851,0.94286043170242
validation,4,5,period,0.025413373925306345,0.02060089281811902,0.024190661549647448,1.2336054631066584,1.0505448093327037
validation,4,5,comma,0.020826691366688344,0.032563440486657616,0.03592988077125396,0.6395728171051757,0.5796482181302125
validation,4,5,newline,0.019000078866315117,0.022847549679698737,0.023514501835234455,0.8316024752185001,0.8080153685350516
validation,4,5,punct,0.04624006528689051,0.05316433319989444,0.060120542320901305,0.8697572696535263,0.7691225578119052
validation,4,5,the,0.01781474534292452,0.03315905912386243,0.03686889291267578,0.5372512312963789,0.483191762365061
validation,4,6,initial,0.42531491660594223,0.06260601852046202,0.029450842729354172,6.7935148514025565,14.441519399443989
validation,4,6,boundary,0.010100838927938933,0.009718415856685739,0.009394827155987037,1.0393503506016475,1.0751489899951991
validation,4,6,period,0.017205502446410482,0.02303018749975272,0.024190661549647448,0.747084774997825,0.7112456354737944
validation,4,6,comma,0.02089644417521638,0.034466261675722344,0.03592988077125396,0.6062869356654251,0.581589577439811
validation,4,6,newline,0.017532541463285117,0.02467202354415184,0.023514501835234455,0.7106243811704275,0.7456054815081864
validation,4,6,punct,0.038101946616884055,0.05749644905503886,0.060120542320901305,0.6626834742509179,0.6337591968733399
validation,4,6,the,0.02488516599025976,0.03524812589706913,0.03686889291267578,0.7059996909602775,0.6749637438043079
validation,4,7,initial,0.16735851019825734,0.025567448508927965,0.029450842729354172,6.545765023827738,5.682639092410357
validation,4,7,boundary,0.007969145829433855,0.008590586752977008,0.009394827155987037,0.9276602470340228,0.8482482644031787
validation,4,7,period,0.015077673385834583,0.018043129078330493,0.024190661549647448,0.8356462629280098,0.6232848719283712
validation,4,7,comma,0.011477852286232068,0.024319744336047888,0.03592988077125396,0.4719561245230299,0.31945144375249446
validation,4,7,newline,0.014754092480486678,0.019818033790010337,0.023514501835234455,0.7444781170937231,0.627446525717119
validation,4,7,punct,0.02655552567424436,0.04236287339905266,0.060120542320901305,0.6268584622222111,0.44170469275710705
validation,4,7,the,0.019782289276828298,0.03051569898246592,0.03686889291267578,0.6482659724817396,0.536557724249621
validation,4,8,initial,0.20286802645557017,0.029030826564135293,0.029450842729354172,6.988021026800301,6.888360659824788
validation,4,8,boundary,0.006201969128959624,0.007052375783369016,0.009394827155987037,0.8794155784473611,0.6601472305967118
validation,4,8,period,0.021633342464970378,0.02151173699741174,0.024190661549647448,1.0056529822567684,0.8942848636268759
validation,4,8,comma,0.020772979292054284,0.028049155705966576,0.03592988077125396,0.7405919632595389,0.5781533043291894
validation,4,8,newline,0.011663836706753136,0.016602424610138333,0.023514501835234455,0.7025381521461973,0.49602737869938124
validation,4,8,punct,0.04240632176727428,0.0495608926850037,0.060120542320901305,0.8556407980138285,0.7053549440875793
validation,4,8,the,0.01859366827737558,0.028937094162784036,0.03686889291267578,0.6425547835860063,0.5043185951206837
validation,4,9,initial,0.21864183455962924,0.03319611477285915,0.029450842729354172,6.586368195665743,7.4239585117781735
validation,4,9,boundary,0.01105048673148671,0.010286336125903912,0.009394827155987037,1.0742879287852989,1.1762309777508329
validation,4,9,period,0.041450603599949454,0.0312744168046088,0.024190661549647448,1.3253837428501951,1.7134960742962215
validation,4,9,comma,0.05278429274571953,0.04626091901252326,0.03592988077125396,1.1410126273416734,1.4690917869104119
validation,4,9,newline,0.027827460532148712,0.025648291737734193,0.023514501835234455,1.0849635062131053,1.1834169708180533
validation,4,9,punct,0.09423489635512705,0.07753533581814216,0.060120542320901305,1.2153799988195502,1.5674325732481902
validation,4,9,the,0.017796975823521896,0.031062346441239137,0.03686889291267578,0.5729437039532272,0.4827097972720296
validation,4,10,initial,0.41290340913693724,0.051147448958227905,0.029450842729354172,8.072805536677992,14.020088081397724
validation,4,10,boundary,0.008549022785606427,0.007244226077330828,0.009394827155987037,1.1801154042332647,0.9099712686207745
validation,4,10,period,0.02037606234042833,0.021380344314206306,0.024190661549647448,0.953027792302172,0.8423110834984705
validation,4,10,comma,0.021501112522240216,0.031330023036762945,0.03592988077125396,0.6862782225538299,0.5984186994420082
validation,4,10,newline,0.019455520557035286,0.02126681978510208,0.023514501835234455,0.9148298031219669,0.8273839136954568
validation,4,10,punct,0.0418771748677024,0.05271036732241919,0.060120542320901305,0.7944770069908215,0.6965535115132108
validation,4,10,the,0.022953323773694422,0.03462926779394514,0.03686889291267578,0.6628301790922582,0.6225661244578057
validation,4,11,initial,0.543772227712716,0.06384444691973698,0.029450842729354172,8.517142115685138,18.46372386385836
validation,4,11,boundary,0.005149849419756175,0.005677489566583433,0.009394827155987037,0.9070645325474762,0.5481579739840485
validation,4,11,period,0.013110890180595329,0.017057999497682504,0.024190661549647448,0.7686065521561641,0.5419814647767004
validation,4,11,comma,0.013633247692291834,0.02869805151942798,0.03592988077125396,0.4750583043264248,0.37944038220130255
validation,4,11,newline,0.01021047317986971,0.018907205117789577,0.023514501835234455,0.5400308039321365,0.43422026336829284
validation,4,11,punct,0.02674413788339401,0.04575605100975286,0.060120542320901305,0.584494013211357,0.44484192675181894
validation,4,11,the,0.012292212791424282,0.028573670447938217,0.03686889291267578,0.4301936922601852,0.3334033604029953
validation,4,12,initial,0.27299755382868957,0.03866936350584055,0.029450842729354172,7.05978917360397,9.269600749203285
validation,4,12,boundary,0.013672590028177417,0.011600238912847666,0.009394827155987037,1.178647278810314,1.4553317268284485
validation,4,12,period,0.019044641339732417,0.02038516547121572,0.024190661549647448,0.934240213385751,0.7872724481158297
validation,4,12,comma,0.015363304766795143,0.027660653027516535,0.03592988077125396,0.5554208988309814,0.4275913094341994
validation,4,12,newline,0.029873260692587313,0.027193870350557498,0.023514501835234455,1.098529201893282,1.2704186081384385
validation,4,12,punct,0.034407946112468196,0.04804581848167522,0.060120542320901305,0.7161486098023591,0.5723159636320521
validation,4,12,the,0.014846731880383695,0.0309473707373442,0.03686889291267578,0.47974130036410945,0.40268992930024444
validation,5,1,initial,0.38888359545666673,0.04754702371170653,0.029450842729354172,8.17892614718847,13.204498052242819
validation,5,1,boundary,0.007060972153525607,0.008663588814763102,0.009394827155987037,0.8150169986707387,0.7515808472352644
validation,5,1,period,0.008881167443496908,0.01610679377601222,0.024190661549647448,0.5513926338787296,0.3671320614886756
validation,5,1,comma,0.01674482458636832,0.028651723454798318,0.03592988077125396,0.5844264346884884,0.46604175207186255
validation,5,1,newline,0.012643534023014609,0.021052238603876873,0.023514501835234455,0.6005790766919314,0.5376909156573907
validation,5,1,punct,0.02562599202810623,0.04475851723021981,0.060120542320901305,0.5725388956988104,0.42624352740073645
validation,5,1,the,0.027509531955630783,0.04060985175113,0.03686889291267578,0.6774103024117863,0.74614477903601
validation,5,2,initial,0.38853315354664797,0.05056572678516774,0.029450842729354172,7.683725286840235,13.192598837227505
validation,5,2,boundary,0.009605689775153567,0.008281116134482791,0.009394827155987037,1.1599511006922383,1.022444544818704
validation,5,2,period,0.02431408767028161,0.02294103081183939,0.024190661549647448,1.059851576404911,1.005102221796657
validation,5,2,comma,0.044299305236111135,0.04221153648334372,0.03592988077125396,1.049459672087303,1.2329377188346589
validation,5,2,newline,0.026280167266063442,0.025491925857373487,0.023514501835234455,1.0309212184712973,1.1176153103394637
validation,5,2,punct,0.06861339290987564,0.06515256727537211,0.060120542320901305,1.0531187914649027,1.1412637055674353
validation,5,2,the,0.024491250678341122,0.037173475164304685,0.03686889291267578,0.6588367261896059,0.6642795251907566
validation,5,3,initial,0.5635365912447163,0.07288469872389748,0.029450842729354172,7.731891619385175,19.13482056943075
validation,5,3,boundary,0.020048371480853422,0.00929994257185382,0.009394827155987037,2.1557521808284723,2.133979811228055
validation,5,3,period,0.026329086300302174,0.021995504064853708,0.024190661549647448,1.197021274105422,1.0883987709995426
validation,5,3,comma,0.02061579069489608,0.033144421528906606,0.03592988077125396,0.6219988083640623,0.5737784332251371
validation,5,3,newline,0.04192856880422786,0.0268934371300247,0.023514501835234455,1.5590632242919018,1.7830940709703451
validation,5,3,punct,0.046944877011735636,0.055139925484360884,0.060120542320901305,0.8513772298268779,0.7808458673103975
validation,5,3,the,0.016161704035627757,0.03400588906213293,0.03686889291267578,0.47526191731374356,0.4383560980229827
validation,5,4,initial,0.3331655283881209,0.0435327124856239,0.029450842729354172,7.653222355444641,11.3125974509398
validation,5,4,boundary,0.00236747010781606,0.0057799735276061305,0.009394827155987037,0.4095987804284263,0.2519971968092402
validation,5,4,period,0.006019251277805025,0.016416824919306818,0.024190661549647448,0.3666513657416273,0.24882540998109864
validation,5,4,comma,0.00847792788996998,0.02720894505624575,0.03592988077125396,0.31158605644006365,0.2359575848287486
validation,5,4,newline,0.004404201535602529,0.01719469091946368,0.023514501835234455,0.2561372900641764,0.18729725028676614
validation,5,4,punct,0.014497179162644725,0.04362576994887315,0.060120542320901305,0.33230769748326666,0.24113520276088202
validation,5,4,the,0.013720871710375164,0.031391767416272885,0.03686889291267578,0.43708503342384375,0.3721530706895143
validation,5,5,initial,0.5713765458096188,0.07361631087437202,0.029450842729354172,7.761548208856682,19.40102533093621
validation,5,5,boundary,0.007297444020730698,0.006723219218808483,0.009394827155987037,1.0854092040187826,0.776751280206391
validation,5,5,period,0.02112785631721579,0.01890999262949539,0.024190661549647448,1.1172852751016424,0.8733889428304495
validation,5,5,comma,0.02135818529675861,0.03127210930530153,0.03592988077125396,0.6829787235726301,0.5944407506591679
validation,5,5,newline,0.01361338454450752,0.021583043410853327,0.023514501835234455,0.6307444360539924,0.578935698484968
validation,5,5,punct,0.04248604161137941,0.0501821018458618,0.060120542320901305,0.8466373477515662,0.7066809441705394
validation,5,5,the,0.016495128238620236,0.031733688712201086,0.03686889291267578,0.519798640120842,0.44739960805682605
validation,5,6,initial,0.512042053482234,0.05770691590354472,0.029450842729354172,8.873148832595664,17.386329423160195
validation,5,6,boundary,0.005153361716414515,0.006176911203941086,0.009394827155987037,0.8342942850022661,0.5485318282977069
validation,5,6,period,0.01239528908284405,0.017482579503690865,0.024190661549647448,0.7090080202539446,0.512399756302849
validation,5,6,comma,0.012296061215728174,0.028130882093100766,0.03592988077125396,0.43710187170930703,0.3422238246213651
validation,5,6,newline,0.015262780525507325,0.021679707406729563,0.023514501835234455,0.7040122931165405,0.6490794758253123
validation,5,6,punct,0.02469135029639901,0.045613461594092464,0.060120542320901305,0.541317177725377,0.41069739798097094
validation,5,6,the,0.027902177727909813,0.037549073359192456,0.03686889291267578,0.7430856538322278,0.7567945637531429
validation,5,7,initial,0.4702765618935367,0.059357649679840106,0.029450842729354172,7.9227625155323285,15.968186928138522
validation,5,7,boundary,0.005848481354843442,0.006968316743774956,0.009394827155987037,0.8392961413627039,0.6225214426767163
validation,5,7,period,0.01367413115675211,0.020527431615904257,0.024190661549647448,0.6661394086027624,0.5652648700279714
validation,5,7,comma,0.0182067010795673,0.03333791422658443,0.03592988077125396,0.5461259800425322,0.5067286806621897
validation,5,7,newline,0.011164680257735534,0.020832984517506602,0.023514501835234455,0.5359136252587097,0.4747997782800664
validation,5,7,punct,0.03188083224050617,0.053865345809568525,0.060120542320901305,0.591861646135444,0.5302818472650834
validation,5,7,the,0.01711250001345642,0.033631343785178104,0.03686889291267578,0.5088259369819824,0.4641446667245336
validation,5,8,initial,0.15897182631185217,0.024427347522432932,0.029450842729354172,6.507944678228362,5.397870199259261
validation,5,8,boundary,0.005206089848035765,0.00478340843062291,0.009394827155987037,1.0883640658211184,0.5541442925555137
validation,5,8,period,0.011615761892012902,0.01107283583895942,0.024190661549647448,1.049032249818354,0.48017545399382383
validation,5,8,comma,0.012071042740602276,0.01725211720558241,0.03592988077125396,0.6996847167660297,0.33596111318743443
validation,5,8,newline,0.009921274837468788,0.01188310519846578,0.023514501835234455,0.8349059165738697,0.4219215404598796
validation,5,8,punct,0.023686804642763907,0.028324953024273705,0.060120542320901305,0.836252212756186,0.3939885391640759
validation,5,8,the,0.01188222525264408,0.019302274345232788,0.03686889291267578,0.6155867977070129,0.32228321259299025
validation,5,9,initial,0.5654142729183269,0.07804476903729113,0.029450842729354172,7.244742727704944,19.198577036125645
validation,5,9,boundary,0.004705767462828013,0.006076454372686813,0.009394827155987037,0.7744265280720398,0.5008892004819026
validation,5,9,period,0.017621671633761684,0.020129881425060964,0.024190661549647448,0.8753986802834988,0.7284493480096041
validation,5,9,comma,0.01969661440074585,0.03354469444030167,0.03592988077125396,0.5871752516869466,0.5481959299042348
validation,5,9,newline,0.010776560520709947,0.021560566077345245,0.023514501835234455,0.49982734600059564,0.458294230352871
validation,5,9,punct,0.037318286033202204,0.05367457575213709,0.060120542320901305,0.6952693246339511,0.6207243746074502
validation,5,9,the,0.015141255282913251,0.03315522680856704,0.03686889291267578,0.45667777724267816,0.41067832762907786
validation,5,10,initial,0.47430489065197645,0.06109406668105509,0.029450842729354172,7.763518070062532,16.104968370878854
validation,5,10,boundary,0.0032635659339208508,0.006377592278463977,0.009394827155987037,0.5117238279626853,0.3473790288777244
validation,5,10,period,0.00574313668535555,0.018598501813976653,0.024190661549647448,0.3087956622957458,0.23741131153311723
validation,5,10,comma,0.014516796831964328,0.03180609816124372,0.03592988077125396,0.4564155200166393,0.40403131099668516
validation,5,10,newline,0.006599740406103998,0.019769042618764,0.023514501835234455,0.3338421861582606,0.2806668179640045
validation,5,10,punct,0.02025993351791954,0.05040459992396829,0.060120542320901305,0.4019461229427511,0.3369885356286289
validation,5,10,the,0.023115821790883475,0.03591470124090845,0.03686889291267578,0.6436311870124516,0.626973580292564
validation,5,11,initial,0.6072168221910021,0.0804027067560604,0.029450842729354172,7.552193784138154,20.617977820572804
validation,5,11,boundary,0.011214160354799703,0.006898207732817669,0.009394827155987037,1.6256628952255576,1.193652652529457
validation,5,11,period,0.03419609432233325,0.020877836323002635,0.024190661549647448,1.6379137087427453,1.4136072406350382
validation,5,11,comma,0.025583376023696647,0.032764781941282344,0.03592988077125396,0.7808193587109638,0.7120362070381505
validation,5,11,newline,0.03041044525651419,0.023738505239413923,0.023514501835234455,1.2810598203134793,1.2932634282282245
validation,5,11,punct,0.05977947035382991,0.0536426181717082,0.060120542320901305,1.114402547662343,0.9943268647636131
validation,5,11,the,0.01446552327503406,0.03292706248254482,0.03686889291267578,0.43932018784555943,0.39235035641823446
validation,5,12,initial,0.006543622725125669,0.006554326888473619,0.029450842729354172,0.9983668554330462,0.2221879619968744
validation,5,12,boundary,0.009072944479792016,0.006909116773133872,0.009394827155987037,1.3131844167220037,0.9657383078101767
validation,5,12,period,0.028737705083572204,0.02956258090792077,0.024190661549647448,0.9720973000659913,1.1879668947702269
validation,5,12,comma,0.039674331345135774,0.039723193208390316,0.03592988077125396,0.9987699412029086,1.104215502348051
validation,5,12,newline,0.01982330014833682,0.017695823618883298,0.023514501835234455,1.1202247815797215,0.8430244573003589
validation,5,12,punct,0.06841203643347762,0.06928577409034271,0.060120542320901305,0.9873893642910619,1.1379144929917528
validation,5,12,the,0.04139471968741499,0.04142758089486571,0.03686889291267578,0.9992067794753907,1.1227546155361556
validation,6,1,initial,0.7264287233208495,0.08711882497822196,0.029450842729354172,8.33836686275834,24.665804303005743
validation,6,1,boundary,0.002366164179461401,0.004264038906446128,0.009394827155987037,0.5549114891715389,0.2518581917660419
validation,6,1,period,0.01197914945654123,0.017643871073630513,0.024190661549647448,0.6789411125569014,0.4951972657695181
validation,6,1,comma,0.01673651588441021,0.03390445414980007,0.03592988077125396,0.4936376739900678,0.4658105043810893
validation,6,1,newline,0.007886284116527533,0.020920210989385037,0.023514501835234455,0.3769696261920614,0.33537959561238145
validation,6,1,punct,0.028715665347913814,0.05154832516592422,0.060120542320901305,0.5570630133080671,0.4776348356047783
validation,6,1,the,0.007120329180816816,0.03164213922362264,0.03686889291267578,0.22502679513846172,0.19312565738497664
validation,6,2,initial,0.9102297195510114,0.09720893237413276,0.029450842729354172,9.36364279825403,30.90674613001038
validation,6,2,boundary,0.0005923411532078622,0.0035083325579428233,0.009394827155987037,0.16883837077155325,0.06304971271668168
validation,6,2,period,0.0015249128467319845,0.016720115554344193,0.024190661549647448,0.09120229114300493,0.0630372527680711
validation,6,2,comma,0.0027042412346764797,0.03125044697443676,0.03592988077125396,0.08653448179120705,0.07526440880483058
validation,6,2,newline,0.0025240012739506084,0.02066467973660893,0.023514501835234455,0.1221408367379226,0.10733807127347303
validation,6,2,punct,0.004229154079211603,0.04797056253822502,0.060120542320901305,0.0881614443408211,0.07034457634526876
validation,6,2,the,0.0016808516338625698,0.031600659300583124,0.03686889291267578,0.05319039763931613,0.04558996761426165
validation,6,3,initial,0.5297621579145029,0.06244889570005921,0.029450842729354172,8.483130918102058,17.988013544565895
validation,6,3,boundary,0.001484391448133636,0.004459484063783758,0.009394827155987037,0.3328617003452565,0.15800093216059632
validation,6,3,period,0.003810001335744481,0.016410768494316406,0.024190661549647448,0.23216471166868335,0.15749884838515332
validation,6,3,comma,0.01887824978178109,0.03397517245285987,0.03592988077125396,0.5556483873032411,0.5254192158879862
validation,6,3,newline,0.0030368943087063123,0.017430805542781994,0.023514501835234455,0.1742257006569541,0.12914984676204316
validation,6,3,punct,0.022688251114089057,0.05038594094385654,0.060120542320901305,0.4502893205739644,0.3773793488586236
validation,6,3,the,0.01729380931418472,0.03436068988741185,0.03686889291267578,0.5033021563551424,0.4690623435627759
validation,6,4,initial,0.36919013340374235,0.05404101821992481,0.029450842729354172,6.831665012329888,12.535808798291672
validation,6,4,boundary,0.014915433285207363,0.011054862083292932,0.009394827155987037,1.349219300324774,1.587621894214649
validation,6,4,period,0.02601991426489464,0.02503240316674371,0.024190661549647448,1.0394493126198474,1.0756181351838165
validation,6,4,comma,0.03167436122396701,0.03509728485734369,0.03592988077125396,0.9024732640348254,0.8815604322658477
validation,6,4,newline,0.03181449011827696,0.027885164868775493,0.023514501835234455,1.1409109563451547,1.352973171245571
validation,6,4,punct,0.05769427549517479,0.06012968794883283,0.060120542320901305,0.9594973375592695,0.9596432977471162
validation,6,4,the,0.022349249040393086,0.035500925421794075,0.03686889291267578,0.6295399000126585,0.6061817232572573
validation,6,5,initial,0.5382670141754888,0.0627131435603304,0.029450842729354172,8.583001642353853,18.27679496719422
validation,6,5,boundary,0.002205579168015414,0.004770502958794429,0.009394827155987037,0.46233682005152643,0.23476527363357247
validation,6,5,period,0.007292275965690106,0.016568060175553758,0.024190661549647448,0.44014060115799736,0.3014500430558247
validation,6,5,comma,0.017216420335088065,0.03266281555294996,0.03592988077125396,0.5270954154940618,0.4791671991536978
validation,6,5,newline,0.007897945390914617,0.01898285289542447,0.023514501835234455,0.4160568189841632,0.3358755140234451
validation,6,5,punct,0.024508696305895396,0.04923087572245741,0.060120542320901305,0.4978318168473161,0.4076592685255067
validation,6,5,the,0.01685947566103535,0.03508969458802626,0.03686889291267578,0.4804680080284412,0.45728185277944555
validation,6,6,initial,0.6827474163153989,0.08601829572779458,0.029450842729354172,7.937234870078771,23.182610514397695
validation,6,6,boundary,0.006788432353175114,0.005593980101078578,0.009394827155987037,1.2135245800867673,0.7225712874184229
validation,6,6,period,0.013638490511447318,0.018875732900982285,0.024190661549647448,0.722540978037339,0.5637915475546837
validation,6,6,comma,0.01013363278435767,0.03217478128237152,0.03592988077125396,0.314955762882213,0.2820391430985537
validation,6,6,newline,0.011228075155943644,0.02199695427870603,0.023514501835234455,0.5104377184987328,0.47749576982827424
validation,6,6,punct,0.02377212329670092,0.051050514121619206,0.060120542320901305,0.4656588421434476,0.395407665649689
validation,6,6,the,0.007234787641025401,0.032377382799784436,0.03686889291267578,0.22345189806612686,0.19623012977799587
validation,6,7,initial,0.7181280574641121,0.07257029692083496,0.029450842729354172,9.895619667196613,24.383956142224115
validation,6,7,boundary,0.0027593056600806916,0.0044961078695856015,0.009394827155987037,0.6137098441846351,0.29370478181945797
validation,6,7,period,0.0036799142663534396,0.01614118773784185,0.024190661549647448,0.22798286756346597,0.15212127451748297
validation,6,7,comma,0.009889369510588733,0.03276956052129289,0.03592988077125396,0.30178523462842455,0.2752408106653339
validation,6,7,newline,0.007115891242069561,0.02073414808225768,0.023514501835234455,0.34319670207037184,0.3026171377956649
validation,6,7,punct,0.013569283780230796,0.048910748261095996,0.060120542320901305,0.2774294866190774,0.2257012870543143
validation,6,7,the,0.0056150910016355806,0.029775506508676747,0.03686889291267578,0.18858087267127804,0.15229887740147124
validation,6,8,initial,0.7123058850090221,0.07707788335161919,0.029450842729354172,9.241378382947753,24.18626494171776
validation,6,8,boundary,0.0018429517850738566,0.0041938092090399275,0.009394827155987037,0.4394457862082277,0.19616665154924107
validation,6,8,period,0.002194480309527354,0.01564296994348299,0.024190661549647448,0.14028540088332747,0.09071601059869881
validation,6,8,comma,0.0023457061962929944,0.027377577564116965,0.03592988077125396,0.08567983017487445,0.06528566602340909
validation,6,8,newline,0.0025636415936549314,0.01847543507385807,0.023514501835234455,0.13875947080035866,0.10902385309364859
validation,6,8,punct,0.004540186505308481,0.04302054750196393,0.060120542320901305,0.10553530275506645,0.07551805639201718
validation,6,8,the,0.004937146216316548,0.03143225216849814,0.03686889291267578,0.15707262049980075,0.1339108887269876
validation,6,9,initial,0.7502914955655,0.08311683915922519,0.029450842729354172,9.026949330065143,25.476062008156774
validation,6,9,boundary,0.004762718100576767,0.004780685018683632,0.009394827155987037,0.996241769111195,0.5069511148527764
validation,6,9,period,0.00787514065635784,0.01787754464159906,0.024190661549647448,0.44050460028125243,0.3255446586359525
validation,6,9,comma,0.010387160625041724,0.03311229258445731,0.03592988077125396,0.3136950000833645,0.28909532684428135
validation,6,9,newline,0.00893472112137788,0.020852494738806918,0.023514501835234455,0.42847252730629787,0.3799664217419214
validation,6,9,punct,0.018262301277263287,0.05098983720438147,0.060120542320901305,0.35815570863783885,0.30376141951258273
validation,6,9,the,0.007565222300590146,0.03213245315320161,0.03686889291267578,0.23543867828953366,0.2051925540185984
validation,6,10,initial,0.639981620721151,0.08243623460072518,0.029450842729354172,7.763353382415664,21.73050281115623
validation,6,10,boundary,0.005343258505321176,0.00576081091707425,0.009394827155987037,0.9275184661042241,0.5687447375672133
validation,6,10,period,0.015001590567575128,0.01957537165056389,0.024190661549647448,0.7663502300424009,0.6201397401549673
validation,6,10,comma,0.01218085695330574,0.03241631294481798,0.03592988077125396,0.3757631836181096,0.339017461005636
validation,6,10,newline,0.010293277500732147,0.022001762076839165,0.023514501835234455,0.46783877876616453,0.43774167842707845
validation,6,10,punct,0.027182447515907576,0.05199168451437572,0.060120542320901305,0.5228229815941359,0.45213244036984374
validation,6,10,the,0.008231024903658513,0.03280456500151076,0.03686889291267578,0.25091096020567405,0.2232512086314539
validation,6,11,initial,0.3170801545420217,0.057156951149113434,0.029450842729354172,5.547534432247966,10.766420419813059
validation,6,11,boundary,0.0047971978431568365,0.007249436499431768,0.009394827155987037,0.6617338938733865,0.5106211922270149
validation,6,11,period,0.021316779883980508,0.02064120335922531,0.024190661549647448,1.0327295125675537,0.8811987154725488
validation,6,11,comma,0.018836499226787148,0.03203665355289909,0.03592988077125396,0.5879671294532751,0.5242572149545641
validation,6,11,newline,0.0110888281715172,0.020724632452376702,0.023514501835234455,0.5350554803323199,0.47157402054342257
validation,6,11,punct,0.04015327909450202,0.05267785676925516,0.060120542320901305,0.7622420796348158,0.6678795224463979
validation,6,11,the,0.010612990987686227,0.03234888677725014,0.03686889291267578,0.32807901739450207,0.2878575988930063
validation,6,12,initial,0.5567601786776378,0.07116134235425513,0.029450842729354172,7.8239133813127975,18.90472825494753
validation,6,12,boundary,0.005285545494486748,0.005809977493930789,0.009394827155987037,0.9097359671372443,0.5626016750205385
validation,6,12,period,0.01920940229392384,0.018305256362701843,0.024190661549647448,1.0493926942790188,0.7940833802539723
validation,6,12,comma,0.018767121563266688,0.03020317733728015,0.03592988077125396,0.6213624928825684,0.5223262966762056
validation,6,12,newline,0.0092319373416435,0.01990592546413827,0.023514501835234455,0.46377835375076604,0.39260612052645055
validation,6,12,punct,0.03797652386796102,0.048508433631369995,0.060120542320901305,0.7828849753540985,0.6316730089568442
validation,6,12,the,0.015151195413005775,0.030499529634787775,0.03686889291267578,0.4967681664088457,0.41094793513034095
validation,7,1,initial,0.32787719555222905,0.046541489355097276,0.029450842729354172,7.04483677027666,11.133032713710026
validation,7,1,boundary,0.005056771333922586,0.006883699749349546,0.009394827155987037,0.7346007987057265,0.5382505979048331
validation,7,1,period,0.008559081743699338,0.01790549070772714,0.024190661549647448,0.47801436349385573,0.35381759718034983
validation,7,1,comma,0.021949454113283716,0.03288307106851833,0.03592988077125396,0.6675001269664783,0.6108969370932225
validation,7,1,newline,0.012331643528675195,0.020198647409580984,0.023514501835234455,0.6105182826660873,0.5244271647803863
validation,7,1,punct,0.030508535853747885,0.05078856172582571,0.060120542320901305,0.6006969840658918,0.5074560986310562
validation,7,1,the,0.032184753734919275,0.04151131643740563,0.03686889291267578,0.7753248149441428,0.8729514556118915
validation,7,2,initial,0.7897242368596019,0.0836746996475191,0.029450842729354172,9.438028940484124,26.814996233451406
validation,7,2,boundary,0.001309032045644607,0.003704339607771077,0.009394827155987037,0.3533779794105485,0.13933540488931728
validation,7,2,period,0.002750415421121167,0.01616048798923181,0.024190661549647448,0.17019383467589883,0.1136974040778662
validation,7,2,comma,0.011357036647212465,0.03345361379107854,0.03592988077125396,0.3394860931359582,0.31608890437228415
validation,7,2,newline,0.003758501997750634,0.01919960017609674,0.023514501835234455,0.19575938890800038,0.1598376195288493
validation,7,2,punct,0.014107452064010945,0.04961410177391671,0.060120542320901305,0.284343595058846,0.23465277456598052
validation,7,2,the,0.0044111193040642874,0.030576704040244627,0.03686889291267578,0.14426405469531425,0.11964338919836982
validation,7,3,initial,0.5311171924866281,0.07592395240398543,0.029450842729354172,6.995383876495193,18.034023588644352
validation,7,3,boundary,0.013482255045678591,0.008576035426551339,0.009394827155987037,1.5720848125157734,1.4350721755521347
validation,7,3,period,0.030083915151657828,0.022168103611991556,0.024190661549647448,1.357081132342972,1.2436168845533813
validation,7,3,comma,0.02556250037669514,0.03339540716884689,0.03592988077125396,0.7654495795619846,0.7114551962873937
validation,7,3,newline,0.0281107050030215,0.024765433979545566,0.023514501835234455,1.1350782314672492,1.1954624937407787
validation,7,3,punct,0.05564641552855226,0.05556351065596641,0.060120542320901305,1.0014920740537647,0.9255807313169632
validation,7,3,the,0.014318113600472497,0.03356931079699839,0.03686889291267578,0.42652390712033195,0.38835214375395116
validation,7,4,initial,0.6641746697753017,0.07940945093973097,0.029450842729354172,8.363924720741204,22.551975027638417
validation,7,4,boundary,0.0032806771259816275,0.005608078768377507,0.009394827155987037,0.5849912708930748,0.34920037074774196
validation,7,4,period,0.013259627926178469,0.020299142235268262,0.024190661549647448,0.6532112427460527,0.5481300252564492
validation,7,4,comma,0.01581316053441623,0.033321145579974565,0.03592988077125396,0.47456833368657253,0.4401116896293098
validation,7,4,newline,0.0073187369575912365,0.02097676649718138,0.023514501835234455,0.3488972887491809,0.3112435470193436
validation,7,4,punct,0.0290727884655923,0.0536202877798056,0.060120542320901305,0.5421975462903363,0.4835749536391815
validation,7,4,the,0.011129349531907803,0.03311958467587622,0.03686889291267578,0.33603529877638366,0.3018628619597486
validation,7,5,initial,0.3602714449742391,0.057515760734839126,0.029450842729354172,6.263873421324865,12.232975751663304
validation,7,5,boundary,0.010508134506634728,0.009106864162148048,0.009394827155987037,1.1538696876923835,1.1185021642402664
validation,7,5,period,0.03220564689596637,0.022653485045606173,0.024190661549647448,1.4216641206035057,1.3313255956175258
validation,7,5,comma,0.0214870834576294,0.03351936109913579,0.03592988077125396,0.6410349944940744,0.5980282426881958
validation,7,5,newline,0.027471156735861813,0.0243697618951707,0.023514501835234455,1.1272640600278374,1.1682644577525623
validation,7,5,punct,0.053692730367551796,0.05617284598986094,0.060120542320901305,0.9558484962154703,0.8930845979558831
validation,7,5,the,0.00998985122497287,0.03314643697243942,0.03686889291267578,0.3013853716246855,0.2709560943051341
validation,7,6,initial,0.6256098794929293,0.07233219554151735,0.029450842729354172,8.649120558408057,21.242511979780225
validation,7,6,boundary,0.00638626757351176,0.005648579448579705,0.009394827155987037,1.13059710528061,0.6797642433945138
validation,7,6,period,0.015213888460781864,0.01937016233443251,0.024190661549647448,0.7854290634280111,0.6289157669193048
validation,7,6,comma,0.012722984089516763,0.031384639456162745,0.03592988077125396,0.40538888800325074,0.3541059367972049
validation,7,6,newline,0.013016482343600304,0.020842207281689788,0.023514501835234455,0.6245251363100822,0.5535512695444913
validation,7,6,punct,0.027936872559702106,0.05075480177507646,0.060120542320901305,0.5504281680284431,0.4646809805970374
validation,7,6,the,0.00949861352935584,0.03182946851647705,0.03686889291267578,0.2984219960958106,0.2576321874338177
validation,7,7,initial,0.5970419510185578,0.07620547589599985,0.029450842729354172,7.834633193989378,20.27249123243172
validation,7,7,boundary,0.004830340720748987,0.005269648206252408,0.009394827155987037,0.9166343808335848,0.514148971614742
validation,7,7,period,0.022257549313373044,0.018369806130389448,0.024190661549647448,1.2116376817146721,0.9200884923172935
validation,7,7,comma,0.01576824677754351,0.030616623582260857,0.03592988077125396,0.5150223941309964,0.4388616505000774
validation,7,7,newline,0.010405335911548482,0.02015986266118061,0.023514501835234455,0.5161412102069906,0.44250718065211075
validation,7,7,punct,0.03802579607924896,0.04898642963303499,0.060120542320901305,0.7762516346691554,0.6324925659565955
validation,7,7,the,0.012535143951857246,0.030860804170030995,0.03686889291267578,0.4061833218212167,0.33999241532819596
validation,7,8,initial,0.4403580623707416,0.05903705503459572,0.029450842729354172,7.459011329624957,14.952307695148873
validation,7,8,boundary,0.005136655331969357,0.0069271359156471155,0.009394827155987037,0.7415265694970132,0.5467535747792787
validation,7,8,period,0.012392925962995856,0.019673570010780014,0.024190661549647448,0.6299276621480101,0.5123020690261556
validation,7,8,comma,0.014299498776430978,0.031767222482520154,0.03592988077125396,0.45013374349297447,0.3979834741859602
validation,7,8,newline,0.008995611801144589,0.02016146542629783,0.023514501835234455,0.44617847021234197,0.3825559165223496
validation,7,8,punct,0.02669242473758013,0.0514407924568307,0.060120542320901305,0.518896064052289,0.4439817690782928
validation,7,8,the,0.012065123914249113,0.03301486257916763,0.03686889291267578,0.36544522592870654,0.32724399788259007
validation,7,9,initial,0.4818599212406984,0.0556235764203649,0.029450842729354172,8.662871973551846,16.361498571326795
validation,7,9,boundary,0.0027553251332142928,0.004832649589305622,0.009394827155987037,0.5701479245074317,0.29328108835492606
validation,7,9,period,0.0058051105804682954,0.015751589944432647,0.024190661549647448,0.36854124573755137,0.2399732048895909
validation,7,9,comma,0.013459879057837026,0.02969477493949399,0.03592988077125396,0.4532743247006535,0.3746151884980851
validation,7,9,newline,0.005031045451819653,0.016216248180208427,0.023514501835234455,0.3102471913299855,0.21395500900134168
validation,7,9,punct,0.019264989637704826,0.045446364894760026,0.060120542320901305,0.4239060633851946,0.32043938550779216
validation,7,9,the,0.01315666447743975,0.030818460729623312,0.03686889291267578,0.4269085530541538,0.35685000112700416
validation,7,10,initial,0.863548438691866,0.09511200199160308,0.029450842729354172,9.079279382302394,29.321688571959
validation,7,10,boundary,0.0013707755121271242,0.003862920924707143,0.009394827155987037,0.35485466538019955,0.14590747539762566
validation,7,10,period,0.003637985275878594,0.017111045705832727,0.024190661549647448,0.21261034178866672,0.15038800275933809
validation,7,10,comma,0.003796599632872402,0.031441035843034745,0.03592988077125396,0.12075300736993617,0.10566691431689657
validation,7,10,newline,0.0029376489707046735,0.020747732303426022,0.023514501835234455,0.14158891814020497,0.12492924542006922
validation,7,10,punct,0.007434584907679861,0.04855208153442248,0.060120542320901305,0.15312597673920292,0.12366130810991002
validation,7,10,the,0.00206889611155669,0.03173155328122464,0.03686889291267578,0.0651999633683499,0.056114950792172796
validation,7,11,initial,0.7033540761997875,0.08667837445366462,0.029450842729354172,8.11452776581288,23.882307296379746
validation,7,11,boundary,0.003645599100216478,0.004803668851567811,0.009394827155987037,0.7589197367396872,0.3880432326946269
validation,7,11,period,0.017506747604064368,0.01870634729238635,0.024190661549647448,0.9358720508300287,0.7236985879089987
validation,7,11,comma,0.010805830802170836,0.031836507950926456,0.03592988077125396,0.33941633356356793,0.3007477500681311
validation,7,11,newline,0.010238945559949338,0.021419018268741256,0.023514501835234455,0.4780305722457865,0.43543110679925867
validation,7,11,punct,0.028312578396589586,0.0505428551880943,0.060120542320901305,0.5601697468658002,0.47093018964245986
validation,7,11,the,0.006589246454309258,0.032132110399399616,0.03686889291267578,0.20506734143526337,0.17872102831826092
validation,7,12,initial,0.5354691368134135,0.06472003664028408,0.029450842729354172,8.27362227542557,18.181793361033503
validation,7,12,boundary,0.004429273793990716,0.006141632543694499,0.009394827155987037,0.7211883424282961,0.47145878475987446
validation,7,12,period,0.010297980383030656,0.018103849441439817,0.024190661549647448,0.5688282161394095,0.4257006515467014
validation,7,12,comma,0.01832111580605417,0.03254450367166412,0.03592988077125396,0.5629557602381263,0.5099130699234646
validation,7,12,newline,0.015487276483839808,0.021582928173151248,0.023514501835234455,0.7175706817717943,0.6586266038021464
validation,7,12,punct,0.028619096183167908,0.05064835309335727,0.060120542320901305,0.565054822817554,0.4760285765622292
validation,7,12,the,0.01873441009648473,0.036074057033607394,0.03686889291267578,0.5193319420388823,0.508135954634095
validation,8,1,initial,0.5237694507640571,0.05740543265557053,0.029450842729354172,9.124039773494006,17.784531857962996
validation,8,1,boundary,0.006502677556351947,0.007501397589865444,0.009394827155987037,0.8668621384816625,0.6921551028438016
validation,8,1,period,0.007687139265252281,0.016841614150988504,0.024190661549647448,0.4564372034851001,0.3177730071364796
validation,8,1,comma,0.017969780834943026,0.033758423860365774,0.03592988077125396,0.5323050895169464,0.5001347193258687
validation,8,1,newline,0.012516970384761126,0.02207962906535345,0.023514501835234455,0.5669012983738165,0.5323085503774324
validation,8,1,punct,0.02565692010785133,0.05060003800732788,0.060120542320901305,0.5070533762076562,0.42675796187772463
validation,8,1,the,0.023387673303111915,0.038297275831503545,0.03686889291267578,0.6106876480199432,0.634347045855317
validation,8,2,initial,0.6662729703824446,0.08468255165300648,0.029450842729354172,7.867889634603257,22.623222585014812
validation,8,2,boundary,0.005190389052141874,0.005433958873633234,0.009394827155987037,0.9551763590495294,0.5524730754449482
validation,8,2,period,0.019960599828977518,0.019616282318052566,0.024190661549647448,1.0175526384328228,0.8251365837189526
validation,8,2,comma,0.009480235669878654,0.031958451562777046,0.03592988077125396,0.2966425219712636,0.26385380263948455
validation,8,2,newline,0.010236259471427004,0.02152052725675557,0.023514501835234455,0.4756509610243732,0.43531687565197963
validation,8,2,punct,0.029440835487278084,0.05157473381057766,0.060120542320901305,0.5708383410258135,0.4896967716979955
validation,8,2,the,0.0075001788878418145,0.032266148861249545,0.03686889291267578,0.23244729081533658,0.20342837268279354
validation,8,3,initial,0.9287294351576765,0.09822045177651169,0.029450842729354172,9.455560612476958,31.534901859769043
validation,8,3,boundary,0.0004987061870273186,0.0033782778548047676,0.009394827155987037,0.14762142383227358,0.053083061428065584
validation,8,3,period,0.0010861523716404508,0.016632612430536327,0.024190661549647448,0.06530257205093952,0.04489965557210155
validation,8,3,comma,0.0016416154740175495,0.031099879593639225,0.03592988077125396,0.05278526783599846,0.0456894216952409
validation,8,3,newline,0.0016422061790398242,0.020440552103654683,0.023514501835234455,0.08034059797955286,0.06983801700528139
validation,8,3,punct,0.0027277678479219023,0.04773249204211741,0.060120542320901305,0.05714698167267319,0.04537164407736182
validation,8,3,the,0.0009482645122939698,0.03153002893542974,0.03686889291267578,0.03007496486082896,0.025719907417343413
validation,8,4,initial,0.6796389967074067,0.07806989656774542,0.029450842729354172,8.705519369013736,23.07706448175755
validation,8,4,boundary,0.0031925584184793877,0.004707612006815648,0.009394827155987037,0.6781694017810355,0.33982087860390997
validation,8,4,period,0.009248809891332027,0.017888478915069245,0.024190661549647448,0.5170260666232965,0.38232976276197866
validation,8,4,comma,0.01036461568570368,0.03108019343224226,0.03592988077125396,0.33347976769512444,0.28846785636973193
validation,8,4,newline,0.0059982351741749386,0.01923171682848617,0.023514501835234455,0.3118928605110442,0.25508663616199173
validation,8,4,punct,0.019613425577920167,0.04896867232818422,0.060120542320901305,0.40053006637534544,0.3262350075491822
validation,8,4,the,0.008802834859933094,0.032290090252248445,0.03686889291267578,0.27261722686947676,0.2387604878937555
validation,8,5,initial,0.749424522961267,0.08168143825726232,0.029450842729354172,9.17496727470559,25.44662405243509
validation,8,5,boundary,0.0016178823034237724,0.0043418516433718244,0.009394827155987037,0.3726249619545606,0.17220990621341503
validation,8,5,period,0.002412305114537055,0.016790995660385,0.024190661549647448,0.1436665915070425,0.09972051031288195
validation,8,5,comma,0.00815344020355433,0.03106106755198479,0.03592988077125396,0.2624971015535275,0.2269264475288091
validation,8,5,newline,0.0030644551469425885,0.019406126964089502,0.023514501835234455,0.1579117333723147,0.13032192510031262
validation,8,5,punct,0.010565745316812933,0.04785206320132835,0.060120542320901305,0.22080020400289935,0.17574268143518862
validation,8,5,the,0.011725550817440722,0.034362071469613356,0.03686889291267578,0.34123527237901585,0.3180337105649678
validation,8,6,initial,0.44354239493413294,0.06277469038320434,0.029450842729354172,7.065624573001554,15.06043134351624
validation,8,6,boundary,0.008063348452260586,0.009283633289598857,0.009394827155987037,0.8685552521009802,0.8582753379472298
validation,8,6,period,0.029266005298362277,0.02184672975276305,0.024190661549647448,1.3396057730178532,1.2098059095365583
validation,8,6,comma,0.024376324268495016,0.03342675191295264,0.03592988077125396,0.7292459743613126,0.678441557423634
validation,8,6,newline,0.027714323448837213,0.024816651575446075,0.023514501835234455,1.1167632089519335,1.178605595943763
validation,8,6,punct,0.053642329576616236,0.05527348156217564,0.060120542320901305,0.9704894292984863,0.8922462690089062
validation,8,6,the,0.02037003928002004,0.036641052997831484,0.03686889291267578,0.5559348766866933,0.5524993475737559
validation,8,7,initial,0.6179588008298195,0.08006931739603217,0.029450842729354172,7.717797789799097,20.982720477940315
validation,8,7,boundary,0.00669335727049904,0.006341365900856727,0.009394827155987037,1.055507184910235,0.712451347892395
validation,8,7,period,0.023215456760291388,0.020902729335962923,0.024190661549647448,1.1106423657483544,0.9596867250879184
validation,8,7,comma,0.013945469331219203,0.0327527366524148,0.03592988077125396,0.425780278430292,0.38813013101831406
validation,8,7,newline,0.011714057157222492,0.02209188166369891,0.023514501835234455,0.530242617425879,0.49816310119187757
validation,8,7,punct,0.037160926099599575,0.05365546589445227,0.060120542320901305,0.6925841660325951,0.6181069675194918
validation,8,7,the,0.00850318945689165,0.03272784684592468,0.03686889291267578,0.2598151200389915,0.23063316484797933
validation,8,8,initial,0.7541762029481411,0.0882700568118502,0.029450842729354172,8.543964172988881,25.607966803491177
validation,8,8,boundary,0.0032421111428226736,0.004148454821001773,0.009394827155987037,0.7815225867735894,0.34509534757715843
validation,8,8,period,0.014525886680522307,0.017939545058280333,0.024190661549647448,0.8097132136479466,0.6004749663712279
validation,8,8,comma,0.014650879311079626,0.03363199781696037,0.03592988077125396,0.4356232237768312,0.40776309290737195
validation,8,8,newline,0.013511068751874033,0.021084833085099168,0.023514501835234455,0.6407956229647567,0.5745845200781103
validation,8,8,punct,0.02917676599132522,0.051571542819953145,0.060120542320901305,0.565753211867004,0.4853044378008168
validation,8,8,the,0.005274623291336391,0.03151312848653018,0.03686889291267578,0.16737859884622217,0.14306432536038907
validation,8,9,initial,0.5638006788464258,0.06429035769657529,0.029450842729354172,8.769599346566697,19.143787633773744
validation,8,9,boundary,0.001816692614594174,0.004785883171266694,0.009394827155987037,0.37959401631472434,0.1933715846423477
validation,8,9,period,0.007221065608860844,0.017626221908245723,0.024190661549647448,0.4096774479778198,0.2985063303887232
validation,8,9,comma,0.010606174901498955,0.03007439091995242,0.03592988077125396,0.35266466176252437,0.2951909294946652
validation,8,9,newline,0.003344105033087753,0.01772287824992802,0.023514501835234455,0.18868859707374758,0.14221458130475467
validation,8,9,punct,0.01782724050174019,0.04770061281781049,0.060120542320901305,0.3737318966913532,0.2965249449445241
validation,8,9,the,0.009287910184377237,0.031598630716463925,0.03686889291267578,0.2939339450407872,0.2519172519331056
validation,8,10,initial,0.6899370632368789,0.07908831121925215,0.029450842729354172,8.72362872086375,23.42673415417096
validation,8,10,boundary,0.006155990773028342,0.005916896123860689,0.009394827155987037,1.0404087961259743,0.6552532229510275
validation,8,10,period,0.02022320713569351,0.02087902580753691,0.024190661549647448,0.9685895942708848,0.8359923143973812
validation,8,10,comma,0.019106335477411307,0.0340863531099762,0.03592988077125396,0.5605274174026957,0.5317672941652929
validation,8,10,newline,0.010978124494069319,0.020963070268173133,0.023514501835234455,0.5236887704725529,0.4668661309940892
validation,8,10,punct,0.039329542614683265,0.05496537889956071,0.060120542320901305,0.7155330028116588,0.6541781077881277
validation,8,10,the,0.012933408954922588,0.03408119739744163,0.03686889291267578,0.3794881031936237,0.35079461120667366
validation,8,11,initial,0.8254821202490865,0.09329095549038073,0.029450842729354172,8.84846892080768,28.029151078461805
validation,8,11,boundary,0.0025595497227518835,0.004044335214016926,0.009394827155987037,0.6328727930071059,0.2724424494729273
validation,8,11,period,0.0035113381089308124,0.017318356857218963,0.024190661549647448,0.20275238221963018,0.14515262849361746
validation,8,11,comma,0.0022451095395362407,0.03146438186232762,0.03592988077125396,0.07135400114833707,0.062485861109020484
validation,8,11,newline,0.003496200182328309,0.02079133130055949,0.023514501835234455,0.16815662892323913,0.14868272382830386
validation,8,11,punct,0.00575644765018932,0.04878273869168208,0.060120542320901305,0.11800173185378889,0.09574843186649122
validation,8,11,the,0.0018346872934847875,0.03179060032091488,0.03686889291267578,0.05771162780709604,0.049762473145864634
validation,8,12,initial,0.7893258386224983,0.09103895656437913,0.029450842729354172,8.670198653521675,26.801468666829127
validation,8,12,boundary,0.005605158667676637,0.004813061649314181,0.009394827155987037,1.1645723815890292,0.5966217977841817
validation,8,12,period,0.0059602397335123975,0.017401926875001337,0.024190661549647448,0.34250458448222504,0.2463859750705851
validation,8,12,comma,0.00951320680721216,0.03273228789929685,0.03592988077125396,0.29063678153144074,0.264771454928492
validation,8,12,newline,0.009286024737854255,0.02159125653962175,0.023514501835234455,0.43008264576050165,0.3949062924199375
validation,8,12,punct,0.015473446544381673,0.05013421474628405,0.060120542320901305,0.30864044889679987,0.2573737020166937
validation,8,12,the,0.00569730613458714,0.031676890940677584,0.03686889291267578,0.17985685985587044,0.15452880964126717
validation,9,1,initial,0.5879234183399402,0.07528260279607765,0.029450842729354172,7.809552227258699,19.962872497157665
validation,9,1,boundary,0.01958140661894184,0.008529473017727869,0.009394827155987037,2.295734634278502,2.0842753457644196
validation,9,1,period,0.030784203011116333,0.021043036221219485,0.024190661549647448,1.4629164103264718,1.272565570310539
validation,9,1,comma,0.018902118862356754,0.03304425307751781,0.03592988077125396,0.5720243946205918,0.5260835398451857
validation,9,1,newline,0.03771143033066762,0.024842019558345075,0.023514501835234455,1.5180501022510218,1.6037520418212856
validation,9,1,punct,0.04968632187243323,0.05408728920944971,0.060120542320901305,0.9186321333285163,0.8264450045581084
validation,9,1,the,0.016054729578574952,0.033129730742105075,0.03686889291267578,0.4846018732706075,0.43545461526606416
validation,9,2,initial,0.8247437379245632,0.09230308319028388,0.029450842729354172,8.935169979364009,28.004079390995717
validation,9,2,boundary,0.002022139022597238,0.003939367418613596,0.009394827155987037,0.5133156691712957,0.21523961952919915
validation,9,2,period,0.003487542679658801,0.01697172115191218,0.024190661549647448,0.2054913964495501,0.14416896671061186
validation,9,2,comma,0.00750916071269055,0.0320861982593864,0.03592988077125396,0.23403086436062406,0.2089948686581316
validation,9,2,newline,0.0060103134662333555,0.02073547162711842,0.023514501835234455,0.289856607764489,0.25560028906193616
validation,9,2,punct,0.010996703393603924,0.049057919398639176,0.060120542320901305,0.22415755760544878,0.18291091479028204
validation,9,2,the,0.005336553130312187,0.031798781679445796,0.03686889291267578,0.1678225657859605,0.1447440568110317
validation,9,3,initial,0.4099486030726545,0.06610407873404901,0.029450842729354172,6.201562912962849,13.919757979083279
validation,9,3,boundary,0.015243457145820385,0.008842187460037489,0.009394827155987037,1.7239463893650313,1.6225372636159883
validation,9,3,period,0.038333234612580376,0.023366271756578256,0.024190661549647448,1.640537053233086,1.584629446115294
validation,9,3,comma,0.026925531709205874,0.03408381899121945,0.03592988077125396,0.7899798938652483,0.7493910675803828
validation,9,3,newline,0.02775027055519832,0.023575241007997485,0.023514501835234455,1.1770938225312109,1.180134316671635
validation,9,3,punct,0.06525876632534429,0.05745009058311711,0.060120542320901305,1.1359210344660782,1.0854653635194613
validation,9,3,the,0.01182265614521783,0.03391671643902156,0.03686889291267578,0.34857903082904956,0.3206675115854406
validation,9,4,initial,0.6277272501522012,0.07986766005270224,0.029450842729354172,7.859592352373703,21.314407058597833
validation,9,4,boundary,0.005712225570826901,0.006108404294194502,0.009394827155987037,0.935142026577361,0.6080181653141616
validation,9,4,period,0.023884178054451522,0.020450483617711,0.024190661549647448,1.1679028477236986,0.9873305037744868
validation,9,4,comma,0.013153851969679999,0.03213397031077695,0.03592988077125396,0.40934412531241177,0.36609784634197456
validation,9,4,newline,0.014182242759011225,0.02201165947832165,0.023514501835234455,0.6443059312715025,0.6031275022701249
validation,9,4,punct,0.03703803000558779,0.052584453856988796,0.060120542320901305,0.7043532315904276,0.6160628060853548
validation,9,4,the,0.010649390209310858,0.033186152077678346,0.03686889291267578,0.3208986141081974,0.28884485993474257
validation,9,5,initial,0.7130363837871582,0.07794294494073441,0.029450842729354172,9.14818376864424,24.211068944266994
validation,9,5,boundary,0.004330461548195074,0.005204489336362391,0.009394827155987037,0.832062718995173,0.46094105578466155
validation,9,5,period,0.01097187162393412,0.018877766774219883,0.024190661549647448,0.5812060163237994,0.45355814686655493
validation,9,5,comma,0.010237477658935642,0.031103698248756338,0.03592988077125396,0.32914020632080243,0.28492935237141764
validation,9,5,newline,0.009664679344887952,0.020562075161106294,0.023514501835234455,0.4700245120769205,0.41100931725486367
validation,9,5,punct,0.02120934929365211,0.04998146502003592,0.060120542320901305,0.4243442901313513,0.3527804054135842
validation,9,5,the,0.012471355072191402,0.03486818178467365,0.03686889291267578,0.3576715054776157,0.33826226086391825
validation,9,6,initial,0.4465110054003939,0.05812053282738879,0.029450842729354172,7.6825002056756695,15.161230172722648
validation,9,6,boundary,0.009395187269374782,0.008731742773369711,0.009394827155987037,1.075980765034497,1.0000383310285295
validation,9,6,period,0.021444241738720646,0.022495905234679172,0.024190661549647448,0.9532508923296269,0.8864677675188743
validation,9,6,comma,0.02702200795677639,0.03446249540076401,0.03592988077125396,0.7840989934866218,0.7520761933169453
validation,9,6,newline,0.016869817561435307,0.022608688193831578,0.023514501835234455,0.7461652536761496,0.7174218565054752
validation,9,6,punct,0.04846624969470885,0.05695840059226544,0.060120542320901305,0.8509060856826488,0.806151239222259
validation,9,6,the,0.018809463597245127,0.035248772543950056,0.03686889291267578,0.5336203856117963,0.5101716409493354
validation,9,7,initial,0.6727029262134876,0.08146908054494047,0.029450842729354172,8.257156232939282,22.841551000610004
validation,9,7,boundary,0.004366108137386166,0.00525587284025419,0.009394827155987037,0.8307103824785472,0.464735334125203
validation,9,7,period,0.01665941322847023,0.018876330414325883,0.024190661549647448,0.8825557119845094,0.6886712541647305
validation,9,7,comma,0.011952435762857445,0.03316025716087266,0.03592988077125396,0.36044460405936424,0.3326600452406762
validation,9,7,newline,0.008906810448465675,0.021134663281652404,0.023514501835234455,0.42143138642752487,0.37877946600253243
validation,9,7,punct,0.028611848983620725,0.0520365875251836,0.060120542320901305,0.5498409935081494,0.4759080320816339
validation,9,7,the,0.007386814565489989,0.03112784915183958,0.03686889291267578,0.23730565287237157,0.20035357673976564
validation,9,8,initial,0.4855612938703264,0.056198650793301705,0.029450842729354172,8.640088098488661,16.487178256069356
validation,9,8,boundary,0.004353888875141586,0.0056065575093285315,0.009394827155987037,0.7765708044370045,0.46343469686581573
validation,9,8,period,0.01121999844964277,0.0173203280762696,0.024190661549647448,0.6477936445681517,0.46381527957040464
validation,9,8,comma,0.020114406614787684,0.03291686133568887,0.03592988077125396,0.6110669668550505,0.5598239176702308
validation,9,8,newline,0.01264486947656767,0.01977501627275634,0.023514501835234455,0.6394366154827525,0.5377477084213803
validation,9,8,punct,0.03133440505556531,0.05023718941274927,0.060120542320901305,0.6237292615659987,0.5211929873871364
validation,9,8,the,0.03217028908425956,0.04293279921188715,0.03686889291267578,0.7493172976094304,0.8725591289235374
validation,9,9,initial,0.5327504574137943,0.06985979234886337,0.029450842729354172,7.625995433157944,18.089480912639306
validation,9,9,boundary,0.006500034352695127,0.008035640112939531,0.009394827155987037,0.808900630359034,0.6918737561396063
validation,9,9,period,0.023527881908051024,0.022299669714913813,0.024190661549647448,1.055077595715052,0.9726018389271341
validation,9,9,comma,0.019127541119237403,0.033553011870004826,0.03592988077125396,0.5700692740593202,0.5323574893279516
validation,9,9,newline,0.014282322876320155,0.02321935775999855,0.023514501835234455,0.615104130955991,0.6073836042284053
validation,9,9,punct,0.04265542303008398,0.05585268149536291,0.060120542320901305,0.7637130731785078,0.7094983076234583
validation,9,9,the,0.00922958634544399,0.03316786236634182,0.03686889291267578,0.2782689533471418,0.25033532651236173
validation,9,10,initial,0.63786166978814,0.07693496704423458,0.029450842729354172,8.290920166657049,21.65852011943862
validation,9,10,boundary,0.004491644697761733,0.005981738772811115,0.009394827155987037,0.7508928203581327,0.4780976406680718
validation,9,10,period,0.013930628373200745,0.019728893212152536,0.024190661549647448,0.7061028828834557,0.5758680201701126
validation,9,10,comma,0.01021266036420436,0.03146932326649396,0.03592988077125396,0.3245274859494036,0.2842386377294938
validation,9,10,newline,0.00831191138563929,0.02092201670566671,0.023514501835234455,0.3972806017016522,0.3534802244113293
validation,9,10,punct,0.024143288733955822,0.05119821641285827,0.060120542320901305,0.47156503537674627,0.40158135309372034
validation,9,10,the,0.011457738206650612,0.032756148928663055,0.03686889291267578,0.34978892761794084,0.31076979267558535
validation,9,11,initial,0.5814913019210813,0.0723878884326959,0.029450842729354172,8.03299163038489,19.744470719050046
validation,9,11,boundary,0.007822783579426323,0.006076282267800525,0.009394827155987037,1.2874292593154977,0.8326692390972942
validation,9,11,period,0.024472579476598037,0.02004017247136742,0.024190661549647448,1.2211760907528844,1.0116539982328303
validation,9,11,comma,0.01502587567560244,0.03174823100252047,0.03592988077125396,0.47328229640289393,0.4181999871155719
validation,9,11,newline,0.013247642830268707,0.02058735272023984,0.023514501835234455,0.6434845222836583,0.5633818195722206
validation,9,11,punct,0.03949845514675176,0.05178840339050002,0.060120542320901305,0.7626891844670634,0.6569876721324894
validation,9,11,the,0.012746139802101115,0.032623020662523636,0.03686889291267578,0.3907099815788519,0.3457152844890252
validation,9,12,initial,0.637547663185088,0.07789315849350764,0.029450842729354172,8.184899361068114,21.64785806110849
validation,9,12,boundary,0.006455276538376079,0.005923457055209945,0.009394827155987037,1.0897819429109181,0.6871096648395845
validation,9,12,period,0.015597596566826188,0.01961791439609882,0.024190661549647448,0.795069050251738,0.644777594643893
validation,9,12,comma,0.011923666214534582,0.0322539663477044,0.03592988077125396,0.369680618067093,0.33185933152536995
validation,9,12,newline,0.011254441771888725,0.021570778088179778,0.023514501835234455,0.5217448219012492,0.47861706153710276
validation,9,12,punct,0.02752126278699819,0.05187188068257247,0.060120542320901305,0.5305622704411521,0.45776803941820465
validation,9,12,the,0.006210040459013015,0.03263930140722912,0.03686889291267578,0.19026266467938505,0.1684357725012665
validation,10,1,initial,0.5580357658791606,0.07298393741154784,0.029450842729354172,7.646007952852181,18.948040672634352
validation,10,1,boundary,0.0021404366973744302,0.005779542925794388,0.009394827155987037,0.37034705423184155,0.22783140784132416
validation,10,1,period,0.007285696929480816,0.019092778399677855,0.024190661549647448,0.38159437966366094,0.301178077107486
validation,10,1,comma,0.005419401588430784,0.03136412847600859,0.03592988077125396,0.1727898032485186,0.15083271839762483
validation,10,1,newline,0.004425395882440588,0.02058369900664622,0.023514501835234455,0.21499517074223068,0.18819858117553287
validation,10,1,punct,0.012705098521009026,0.0504569067967571,0.060120542320901305,0.25180097884687597,0.21132707774314294
validation,10,1,the,0.004126061793529388,0.032704317332772,0.03686889291267578,0.12616260267860072,0.1119117355463315
validation,10,2,initial,0.8031912415771477,0.09183688299623231,0.029450842729354172,8.74584606285145,27.272266839977142
validation,10,2,boundary,0.002217748542324494,0.004297568685541524,0.009394827155987037,0.5160472594157136,0.23606060074359012
validation,10,2,period,0.010476309822197683,0.018011271767673614,0.024190661549647448,0.5816529758326351,0.43307248132494186
validation,10,2,comma,0.006971657097062283,0.031536317273652206,0.03592988077125396,0.22106757223954382,0.1940350746345928
validation,10,2,newline,0.004553287571663997,0.02072173182168958,0.023514501835234455,0.2197348952705796,0.19363742441021176
validation,10,2,punct,0.017447966914487724,0.049547589002914505,0.060120542320901305,0.3521456293960417,0.2902163926159698
validation,10,2,the,0.004686778105833515,0.03190075825872773,0.03686889291267578,0.14691745154838942,0.12712012039347587
validation,10,3,initial,0.6048224083396514,0.0777966898050471,0.029450842729354172,7.774397726372327,20.53667577182144
validation,10,3,boundary,0.002901862225607838,0.006178613873478788,0.009394827155987037,0.4696623360886577,0.30887872415604467
validation,10,3,period,0.01257607827182808,0.020242119413611946,0.024190661549647448,0.6212826836389086,0.5198732678731295
validation,10,3,comma,0.009268178118321013,0.032249855877526656,0.03592988077125396,0.28738665231615973,0.2579518194709988
validation,10,3,newline,0.005679468168668434,0.02171037248952935,0.023514501835234455,0.2616015994846506,0.24153044825122516
validation,10,3,punct,0.021844256381547692,0.05249197520790677,0.060120542320901305,0.41614468297350965,0.363340973621813
validation,10,3,the,0.005092626406711957,0.03279309045945091,0.03686889291267578,0.15529571429106556,0.1381279990905579
validation,10,4,initial,0.45092941959861726,0.052724028744921,0.029450842729354172,8.552635872729208,15.31125692200203
validation,10,4,boundary,0.01092766455846423,0.0088131014089731,0.009394827155987037,1.239934054013968,1.1631575948153938
validation,10,4,period,0.02778411714600765,0.022500295907998333,0.024190661549647448,1.2348334110633203,1.1485472230259273
validation,10,4,comma,0.0244303489710606,0.03398804881107863,0.03592988077125396,0.7187923351192014,0.6799451722814046
validation,10,4,newline,0.02143824913118536,0.023447090002512584,0.023514501835234455,0.9143245122907808,0.9117033089368702
validation,10,4,punct,0.05221446610219889,0.056488344693678826,0.060120542320901305,0.9243405234361879,0.8684962591238333
validation,10,4,the,0.02233061890559773,0.037352999634685094,0.03686889291267578,0.5978266571357781,0.6056764155758066
validation,10,5,initial,0.7624342520037763,0.08956737832905375,0.029450842729354172,8.512410056290092,25.888367915660517
validation,10,5,boundary,0.0050906028934938384,0.005624401182066661,0.009394827155987037,0.9050924229454271,0.5418516816724779
validation,10,5,period,0.01932480549229486,0.019070845302515124,0.024190661549647448,1.0133166719015987,0.7988539483566335
validation,10,5,comma,0.008378645610163089,0.031402642529147776,0.03592988077125396,0.2668133932482297,0.23319436163747315
validation,10,5,newline,0.013502876498027078,0.02213303744132377,0.023514501835234455,0.6100778771925972,0.5742361285236407
validation,10,5,punct,0.027703451106664122,0.0504734877939021,0.060120542320901305,0.5488713444924859,0.4607984232542898
validation,10,5,the,0.005855576863154384,0.03205894041786713,0.03686889291267578,0.18265035546499056,0.15882160815143967
validation,10,6,initial,0.7022375853621147,0.0822585121167639,0.029450842729354172,8.536959486518624,23.844396977550055
validation,10,6,boundary,0.005641734995243379,0.005612736780568078,0.009394827155987037,1.0051665017992106,0.6005150389220384
validation,10,6,period,0.008468901325259343,0.01797605351834984,0.024190661549647448,0.471121279017908,0.3500896950618024
validation,10,6,comma,0.010575676254644792,0.031210294681714462,0.03592988077125396,0.3388521756201452,0.2943420915302887
validation,10,6,newline,0.009511935579528733,0.020999915135184295,0.023514501835234455,0.45295114376876533,0.40451359106727564
validation,10,6,punct,0.01904457758221972,0.049186348153612516,0.060120542320901305,0.3871923470053546,0.31677321672460607
validation,10,6,the,0.01003651675555754,0.03240605387951358,0.03686889291267578,0.30971116671204496,0.27222180984194716
validation,10,7,initial,0.7728162727951488,0.09085119606105811,0.029450842729354172,8.506396242442028,26.240888245444644
validation,10,7,boundary,0.0023000914788875513,0.005080804854520382,0.009394827155987037,0.45270218887489144,0.2448253108543645
validation,10,7,period,0.0021422551211205073,0.017791596599200606,0.024190661549647448,0.12040825617734391,0.08855711187244188
validation,10,7,comma,0.0018733836634490218,0.031510931689297084,0.03592988077125396,0.05945186521048916,0.05213999109476144
validation,10,7,newline,0.003766730419950323,0.021656764236136685,0.023514501835234455,0.17392858780191736,0.1601875492129798
validation,10,7,punct,0.00401563878489642,0.04930252826297697,0.060120542320901305,0.08144894240468203,0.066793123113601
validation,10,7,the,0.0009977367411854539,0.031946477691970454,0.03686889291267578,0.0312315101153148,0.02706174941429893
validation,10,8,initial,0.641135840355226,0.07896577359160155,0.029450842729354172,8.119161140256521,21.769694206957094
validation,10,8,boundary,0.0070318809375577275,0.006090123610698353,0.009394827155987037,1.1546368164358791,0.7484843330062251
validation,10,8,period,0.02424941166963965,0.021173347572405403,0.024190661549647448,1.145280007647123,1.0024286280832637
validation,10,8,comma,0.015108472961489502,0.03298645385056529,0.03592988077125396,0.4580205265450377,0.4204988337611512
validation,10,8,newline,0.012717331326713613,0.02131650222884699,0.023514501835234455,0.5965955948205999,0.5408292897644035
validation,10,8,punct,0.03935788462715754,0.054159801341612225,0.060120542320901305,0.726699205909346,0.6546495275621376
validation,10,8,the,0.01039896938395858,0.033256865470434445,0.03686889291267578,0.31268639533101295,0.28205266180865823
validation,10,9,initial,0.5208209534728342,0.07011087133856217,0.029450842729354172,7.428533457497822,17.684415969316994
validation,10,9,boundary,0.005005296740462256,0.006328201043913688,0.009394827155987037,0.790950967854637,0.5327715621966002
validation,10,9,period,0.015813756185468722,0.0203964792173425,0.024190661549647448,0.7753179368340576,0.6537132584412182
validation,10,9,comma,0.005696456818439315,0.03237438353854336,0.03592988077125396,0.17595568458183589,0.15854371615384874
validation,10,9,newline,0.007715735491340694,0.020925913161614122,0.023514501835234455,0.3687167882113843,0.32812668307432863
validation,10,9,punct,0.021510213002644628,0.05277086266520538,0.060120542320901305,0.40761533763645386,0.35778474664834253
validation,10,9,the,0.003599195718311373,0.032674907189799283,0.03686889291267578,0.11015167380291746,0.09762147528639094
validation,10,10,initial,0.7617824571690055,0.0907836593669598,0.029450842729354172,8.391184740524482,25.86623629651601
validation,10,10,boundary,0.0019103803001040147,0.004552339774260684,0.009394827155987037,0.419648004067154,0.2033438474582885
validation,10,10,period,0.003916512734916042,0.017885129302290657,0.024190661549647448,0.21898151636032231,0.16190184492797058
validation,10,10,comma,0.001994006055293661,0.03141119404060874,0.03592988077125396,0.06348074679096209,0.05549715202197343
validation,10,10,newline,0.0029366306022519184,0.021085917940541567,0.023514501835234455,0.13926975389606844,0.12488593731769518
validation,10,10,punct,0.005910518790576903,0.0492963233029328,0.060120542320901305,0.11989776102075479,0.09831113563528304
validation,10,10,the,0.0014507222296595203,0.032027486105033455,0.03686889291267578,0.045296162955216275,0.03934813646549045
validation,10,11,initial,0.6612818690460982,0.07442546513567497,0.029450842729354172,8.885156012671267,22.45375030939223
validation,10,11,boundary,0.0028175449545064708,0.005017308037226268,0.009394827155987037,0.5615650730633835,0.2999038628093264
validation,10,11,period,0.010230794654364973,0.018760608255379986,0.024190661549647448,0.545333846061792,0.4229233100288684
validation,10,11,comma,0.013962718512049999,0.03213337951219513,0.03592988077125396,0.43452381056747935,0.3886102100071816
validation,10,11,newline,0.006396207345992721,0.019374873805792954,0.023514501835234455,0.3301289809733005,0.272011178072612
validation,10,11,punct,0.024193513152619636,0.05089398775487387,0.060120542320901305,0.47537075045377514,0.40241674839663916
validation,10,11,the,0.01443338365158353,0.03530141579965589,0.03686889291267578,0.4088613253784632,0.39147862903746783
validation,10,12,initial,0.7263922319352988,0.08902646250383102,0.029450842729354172,8.159284458865704,24.664565242178654
validation,10,12,boundary,0.006012467744002048,0.004837846826392133,0.009394827155987037,1.242798286047824,0.6399764087379176
validation,10,12,period,0.02154984882181035,0.018290283666758615,0.024190661549647448,1.178212936138097,0.890833381203021
validation,10,12,comma,0.01741236148502701,0.032672407559906226,0.03592988077125396,0.5329378146713161,0.48462063083042384
validation,10,12,newline,0.015272074176748297,0.021656020611537038,0.023514501835234455,0.7052114721673401,0.6494747064496348
validation,10,12,punct,0.03896221031572225,0.05096269117752674,0.060120542320901305,0.7645241924135985,0.64806817789095
validation,10,12,the,0.007551185462683037,0.032206255977686365,0.03686889291267578,0.23446331259103093,0.2048118309537547
validation,11,1,initial,0.551351913136052,0.07594469441446802,0.029450842729354172,7.259913511891298,18.721091216398705
validation,11,1,boundary,0.0015480508443292873,0.00569153943878324,0.009394827155987037,0.2719915869827014,0.1647769372045085
validation,11,1,period,0.0028111289658187557,0.01905234314813643,0.024190661549647448,0.1475476766275712,0.11620719673372161
validation,11,1,comma,0.002741934537020705,0.03212531275293025,0.03592988077125396,0.08535121690824954,0.07631348833237475
validation,11,1,newline,0.0026677287407009132,0.02105621209307097,0.023514501835234455,0.12669556750802252,0.11345036179773758
validation,11,1,punct,0.005553063503605586,0.05117765580528478,0.060120542320901305,0.10850562450013894,0.09236549254604821
validation,11,1,the,0.0014993254695208152,0.03280974321883051,0.03686889291267578,0.04569756793037949,0.04066640875471844
validation,11,2,initial,0.7103537900590822,0.08765005998432164,0.029450842729354172,8.104430164521808,24.119981780727112
validation,11,2,boundary,0.0010759301647640948,0.004618462512399617,0.009394827155987037,0.23296284464265862,0.11452367849880424
validation,11,2,period,0.0016886403678768223,0.017768945216494997,0.024190661549647448,0.09503323620522221,0.06980546457611997
validation,11,2,comma,0.0017087802000110464,0.03153208047873045,0.03592988077125396,0.05419180003563931,0.04755874952354899
validation,11,2,newline,0.0018313411143700447,0.020984055962952195,0.023514501835234455,0.08727298085762433,0.07788134859084864
validation,11,2,punct,0.003397420567190859,0.04930102565715631,0.060120542320901305,0.06891176242086365,0.05651014505252929
validation,11,2,the,0.0013772004127872853,0.0320686094509478,0.03686889291267578,0.04294543593771515,0.03735399422079729
validation,11,3,initial,0.682737733645153,0.086071936125288,0.029450842729354172,7.932175856383044,23.182281740435776
validation,11,3,boundary,0.006769574244167542,0.00553440659334139,0.009394827155987037,1.2231797808842269,0.7205640009942598
validation,11,3,period,0.013026605763378218,0.01867194629914676,0.024190661549647448,0.6976565567764881,0.5384972931245887
validation,11,3,comma,0.00837098125699946,0.031895477200107325,0.03592988077125396,0.2624504159157491,0.23298104745442802
validation,11,3,newline,0.01267345870771395,0.02183901784127331,0.023514501835234455,0.5803126678967461,0.5389635211715974
validation,11,3,punct,0.02139758702280791,0.050567423426051146,0.060120542320901305,0.4231496400859605,0.3559114105890043
validation,11,3,the,0.003067255204558864,0.03204289622838489,0.03686889291267578,0.09572340723188953,0.08319358033949319
validation,11,4,initial,0.516918533784395,0.07452304363428655,0.029450842729354172,6.936358320536592,17.55190975466292
validation,11,4,boundary,0.021844147434841067,0.008249279277829386,0.009394827155987037,2.6480067772161626,2.325124994015505
validation,11,4,period,0.03434306448280481,0.02114976940987815,0.024190661549647448,1.6238032584300723,1.4196827322114025
validation,11,4,comma,0.01586482825219236,0.03256014909087028,0.03592988077125396,0.48724679386191105,0.44154970491539086
validation,11,4,newline,0.039309428463184276,0.024377261060661782,0.023514501835234455,1.6125449190277952,1.6717100255248651
validation,11,4,punct,0.05020789272933726,0.053709918383808154,0.060120542320901305,0.9347974124733237,0.8351204229221025
validation,11,4,the,0.011161054329234326,0.03335261838592772,0.03686889291267578,0.3346380245199413,0.30272279549237774
validation,11,5,initial,0.49596286741092116,0.07072055121351362,0.029450842729354172,7.012994934295,16.84036249721935
validation,11,5,boundary,0.01844605956487261,0.007893984403730393,0.009394827155987037,2.3367235886804787,1.9634272412470621
validation,11,5,period,0.04007115757796878,0.02092445695505563,0.024190661549647448,1.9150393085010051,1.656472167812739
validation,11,5,comma,0.022386964314954905,0.03328037672417971,0.03592988077125396,0.6726776112089426,0.6230737156485586
validation,11,5,newline,0.034032554754736835,0.023116868782520367,0.023514501835234455,1.4721956972161505,1.447300691003455
validation,11,5,punct,0.062458121894655313,0.0542048335444609,0.060120542320901305,1.1522611141942674,1.0388815450345885
validation,11,5,the,0.01072481016773331,0.032999181829600516,0.03686889291267578,0.3250023053030083,0.29089048573102244
validation,11,6,initial,0.7422146058099535,0.08095860839110564,0.029450842729354172,9.167828110685454,25.20181213932378
validation,11,6,boundary,0.004621841648565974,0.005754167999110859,0.009394827155987037,0.8032163206357803,0.49195600640940107
validation,11,6,period,0.012564908420991956,0.019468568378911963,0.024190661549647448,0.6453945753197786,0.5194115256089421
validation,11,6,comma,0.01280871271865579,0.03251561075803727,0.03592988077125396,0.39392502309032307,0.35649193494968456
validation,11,6,newline,0.009378780955390579,0.02129543508746124,0.023514501835234455,0.44041274183276996,0.3988509312724322
validation,11,6,punct,0.02537362112726651,0.05198417912873079,0.060120542320901305,0.48810275650275553,0.4220457791586687
validation,11,6,the,0.009702669309030994,0.033132974266221915,0.03686889291267578,0.2928402754026999,0.26316682011612963
validation,11,7,initial,0.6767801550877842,0.08422464235314335,0.029450842729354172,8.035417381176046,22.979992841197223
validation,11,7,boundary,0.001814112732307564,0.005067993483997596,0.009394827155987037,0.35795482729717426,0.19309697796318534
validation,11,7,period,0.003167655881473143,0.018391950408359746,0.024190661549647448,0.17223055799635797,0.13094540118185846
validation,11,7,comma,0.002876802096755523,0.03150226697738948,0.03592988077125396,0.09132047858080583,0.08006712059721434
validation,11,7,newline,0.0033379512135535707,0.021138118363742353,0.023514501835234455,0.15791146383582888,0.1419528781405838
validation,11,7,punct,0.006044457977984506,0.04989421732449604,0.060120542320901305,0.1211454613802895,0.10053897960070647
validation,11,7,the,0.003142288279930622,0.032871067003813925,0.03686889291267578,0.09559434987510544,0.08522871265413781
validation,11,8,initial,0.5312504784602359,0.0747045162877559,0.029450842729354172,7.111356914673016,18.03854929864975
validation,11,8,boundary,0.008107132546640665,0.006418298381971464,0.009394827155987037,1.2631280230618467,0.8629357849839989
validation,11,8,period,0.016435220854047094,0.019484809062056616,0.024190661549647448,0.8434889354934414,0.6794035301728497
validation,11,8,comma,0.018401319344686775,0.032642664102138924,0.03592988077125396,0.5637199000396852,0.5121452938248803
validation,11,8,newline,0.013729698339437263,0.021638394234214174,0.023514501835234455,0.6345063404810396,0.5838821692094915
validation,11,8,punct,0.03483654020389356,0.05212747305285753,0.060120542320901305,0.6682952033483213,0.5794448762279778
validation,11,8,the,0.012355405026706059,0.03284289807198964,0.03686889291267578,0.37619716139616427,0.33511733200044597
validation,11,9,initial,0.7279845636657876,0.08836989472659638,0.029450842729354172,8.237924984725465,24.718632684157203
validation,11,9,boundary,0.009159605436770524,0.005485988575101698,0.009394827155987037,1.6696362581470972,0.9749626347232355
validation,11,9,period,0.01534310159257057,0.018405002478366066,0.024190661549647448,0.8336375727525943,0.6342572137219694
validation,11,9,comma,0.01498141554980257,0.03180521790444648,0.03592988077125396,0.47103640650448475,0.41696257344078336
validation,11,9,newline,0.016677085978617924,0.02205075844521388,0.023514501835234455,0.7563044155625263,0.7092255704787566
validation,11,9,punct,0.030324517147933255,0.05021022033662934,0.060120542320901305,0.6039510869425706,0.5043952695248848
validation,11,9,the,0.012148084137875938,0.03222318640518227,0.03686889291267578,0.3769982268396099,0.32949413931817145
validation,11,10,initial,0.5895171581649421,0.06735775742087272,0.029450842729354172,8.752030660424918,20.01698775082453
validation,11,10,boundary,0.006348697283484306,0.006441744651515146,0.009394827155987037,0.9855555640491036,0.6757652033479375
validation,11,10,period,0.01863317943961758,0.019435870571845475,0.024190661549647448,0.958700531099921,0.7702633266715742
validation,11,10,comma,0.010038722922197764,0.029179386576669828,0.03592988077125396,0.3440347484968774,0.2793976129814864
validation,11,10,newline,0.009630960366129631,0.01992457718843598,0.023514501835234455,0.48337087783821786,0.4095753519939966
validation,11,10,punct,0.02867190236337358,0.04861525713005016,0.060120542320901305,0.5897716901234046,0.4769069149498607
validation,11,10,the,0.012220383475109144,0.033907955128181025,0.03686889291267578,0.3603987155495773,0.3314551240812466
validation,11,11,initial,0.6757815148833991,0.08528251871797199,0.029450842729354172,7.924033260769401,22.94608412715592
validation,11,11,boundary,0.0032979128259998758,0.005091854372187844,0.009394827155987037,0.647684042971332,0.351034965438211
validation,11,11,period,0.004353207239741276,0.01837051492945723,0.024190661549647448,0.23696707775789572,0.1799540384956822
validation,11,11,comma,0.003987039335644084,0.03170231423958821,0.03592988077125396,0.1257649301408184,0.11096722978368334
validation,11,11,newline,0.005409808771557775,0.021292694069891708,0.023514501835234455,0.2540687784176335,0.23006265705581067
validation,11,11,punct,0.008340246576819511,0.05007282910741853,0.060120542320901305,0.16656231983472777,0.13872540490906332
validation,11,11,the,0.003228553777237962,0.03237524989908855,0.03686889291267578,0.09972289904483037,0.08756850347757425
validation,11,12,initial,0.5778796647036878,0.07265811085781708,0.029450842729354172,7.953408888300532,19.621837989977276
validation,11,12,boundary,0.00579158120253096,0.005783669366777948,0.009394827155987037,1.001367961280508,0.6164649020541226
validation,11,12,period,0.011007601232129164,0.01805848259746225,0.024190661549647448,0.6095529440372834,0.45503514691145713
validation,11,12,comma,0.01106420683075871,0.031271072420214575,0.03592988077125396,0.3538160342593965,0.30793886852000724
validation,11,12,newline,0.009179035219070346,0.020808832559831774,0.023514501835234455,0.4411124551402778,0.3903563547034772
validation,11,12,punct,0.02207180805238513,0.04932955493775734,0.060120542320901305,0.44743578327910566,0.36712589741080426
validation,11,12,the,0.019774827699505056,0.03757779432822918,0.03686889291267578,0.5262370517752772,0.5363553428724281
validation,12,1,initial,0.17150079082826306,0.04212626818255926,0.029450842729354172,4.07111282881844,5.823289757930262
validation,12,1,boundary,0.01643926950256323,0.010185315358637799,0.009394827155987037,1.6140167411332706,1.7498213888998462
validation,12,1,period,0.023310849799539707,0.02277586877752534,0.024190661549647448,1.0234889403008096,0.9636301079115976
validation,12,1,comma,0.03505801987669371,0.03451400826135384,0.03592988077125396,1.0157620526488955,0.9757343782989175
validation,12,1,newline,0.03462088761149523,0.02441935313969053,0.023514501835234455,1.417764320514429,1.4723206918897518
validation,12,1,punct,0.05836886968353181,0.057289876846500415,0.060120542320901305,1.0188339179000576,0.9708639914121249
validation,12,1,the,0.03342157704455072,0.03544082147957315,0.03686889291267578,0.9430248975412081,0.9064979825597136
validation,12,2,initial,0.5881086577266967,0.07871383917076619,0.029450842729354172,7.471477238593598,19.96916227937065
validation,12,2,boundary,0.004601477998196638,0.005690686652560179,0.009394827155987037,0.8085980267647459,0.4897884678234081
validation,12,2,period,0.010966628375293807,0.01915687350697806,0.024190661549647448,0.5724644144723885,0.45334140005995965
validation,12,2,comma,0.013766564446169952,0.03237108357664917,0.03592988077125396,0.4252735134297587,0.3831508524565999
validation,12,2,newline,0.00767657240870257,0.021130762616559058,0.023514501835234455,0.36328894266631184,0.32646119669011603
validation,12,2,punct,0.024733192812815323,0.05152795700389736,0.060120542320901305,0.47999560337594227,0.41139337500980366
validation,12,2,the,0.011278918962422524,0.033124740739114554,0.03686889291267578,0.34049833178329103,0.305919653978673
validation,12,3,initial,0.630586964832995,0.08239382441873074,0.029450842729354172,7.65332801677358,21.41150834385048
validation,12,3,boundary,0.004439887609541625,0.005610839463748122,0.009394827155987037,0.7913054077251598,0.47258853577867255
validation,12,3,period,0.01427193825123534,0.019343182416936625,0.024190661549647448,0.7378278270662963,0.5899771786705575
validation,12,3,comma,0.008421705741382545,0.03204055930975265,0.03592988077125396,0.26284515385532325,0.23439281068030737
validation,12,3,newline,0.007430001976981203,0.021491076375171884,0.023514501835234455,0.3457249812561693,0.31597530872833485
validation,12,3,punct,0.022693643995883677,0.05138374165669291,0.060120542320901305,0.4416502820581917,0.3774690500087868
validation,12,3,the,0.0038896782637332663,0.032569004730319984,0.03686889291267578,0.11942883413051263,0.10550027289796834
validation,12,4,initial,0.5518017196896339,0.06704185659677457,0.029450842729354172,8.23070463290513,18.7363643465334
validation,12,4,boundary,0.00770751469883759,0.007151186272348745,0.009394827155987037,1.0777952643521511,0.8203998403446757
validation,12,4,period,0.03427321292984982,0.02120857562414413,0.024190661549647448,1.6160072952203697,1.4167951901401934
validation,12,4,comma,0.018739746258587545,0.032239451418794175,0.03592988077125396,0.5812675288780845,0.5215643875328542
validation,12,4,newline,0.013330886484629857,0.021932258044875277,0.023514501835234455,0.607820975722323,0.5669219181439206
validation,12,4,punct,0.05301295917401312,0.05344802696940204,0.060120542320901305,0.9918599839870986,0.8817777938703459
validation,12,4,the,0.013907532506359274,0.034660627878968266,0.03686889291267578,0.4012487181398762,0.377215896861871
validation,12,5,initial,0.44779653823664084,0.07049741555783082,0.029450842729354172,6.351956801441919,15.204880293300203
validation,12,5,boundary,0.011928163542609822,0.007075977220008991,0.009394827155987037,1.6857266737490522,1.2696522612455265
validation,12,5,period,0.03320660529778954,0.02119582205407382,0.024190661549647448,1.5666580523781695,1.3727034802102587
validation,12,5,comma,0.03064547611831193,0.033271080447149354,0.03592988077125396,0.9210844885843681,0.8529245146516081
validation,12,5,newline,0.024263180973842134,0.02235859321611151,0.023514501835234455,1.0851837027187465,1.0318390388983638
validation,12,5,punct,0.06385208142820722,0.05446690236360184,0.060120542320901305,1.1723097634955122,1.062067622201216
validation,12,5,the,0.020395529903748745,0.03374163859250241,0.03686889291267578,0.6044617497705268,0.5531907332301974
validation,12,6,initial,0.66472624194803,0.08432774381517597,0.029450842729354172,7.882651804427894,22.570703597744103
validation,12,6,boundary,0.0038632372941038154,0.005377018878405299,0.009394827155987037,0.7184719602936495,0.41120898021438235
validation,12,6,period,0.011342652260942472,0.018788450176742823,0.024190661549647448,0.6037034536772442,0.4688855754384187
validation,12,6,comma,0.00985049394754242,0.031943677883816114,0.03592988077125396,0.3083706886655358,0.27415882647246076
validation,12,6,newline,0.006621874249261233,0.021411595229166098,0.023514501835234455,0.309265805671553,0.28160810276401116
validation,12,6,punct,0.021193146220691204,0.05073212799367124,0.060120542320901305,0.4177460528234696,0.352510895653103
validation,12,6,the,0.006156542889973795,0.03236785988008811,0.03686889291267578,0.19020543566308332,0.16698475065567084
validation,12,7,initial,0.6763941494345782,0.08578810299934155,0.029450842729354172,7.884474953826287,22.966886063345285
validation,12,7,boundary,0.001989977870604673,0.004987529916261179,0.009394827155987037,0.39899066351794993,0.2118163365396798
validation,12,7,period,0.005551467250409992,0.018361022099539364,0.024190661549647448,0.3023506654648199,0.22948802946196808
validation,12,7,comma,0.003672731852478319,0.03177121061236716,0.03592988077125396,0.11559936753082627,0.10221942777546657
validation,12,7,newline,0.003303056587084978,0.021207044981915158,0.023514501835234455,0.1557527977095226,0.14046891617051535
validation,12,7,punct,0.00922419910262996,0.05013223265844546,0.060120542320901305,0.18399737281750644,0.15342840810374903
validation,12,7,the,0.0027558672597097953,0.032209368871742666,0.03686889291267578,0.08556104500785554,0.07474776273421296
validation,12,8,initial,0.6298757234496097,0.0814437711872678,0.029450842729354172,7.7338722687743,21.38735822393977
validation,12,8,boundary,0.004892897721743691,0.0055226164198651185,0.009394827155987037,0.8859745725130758,0.5208076360005832
validation,12,8,period,0.022003166520836125,0.019125367233458614,0.024190661549647448,1.1504702760605288,0.9095727487930895
validation,12,8,comma,0.011996504939411292,0.03212748123118256,0.03592988077125396,0.3734032199127899,0.3338865780208547
validation,12,8,newline,0.008707010802850662,0.021229345880487874,0.023514501835234455,0.4101403242411426,0.3702825968357942
validation,12,8,punct,0.03399967146011248,0.051252848385062735,0.060120542320901305,0.6633713545961951,0.5655250293424626
validation,12,8,the,0.009729178441056335,0.032572541858977275,0.03686889291267578,0.2986926375957635,0.2638858309117108
validation,12,9,initial,0.00013339950257585596,0.011079979000619126,0.029450842729354172,0.012039689115692536,0.004529564868542601
validation,12,9,boundary,0.011370738350319473,0.01001076174419827,0.009394827155987037,1.1358514607451702,1.2103190576607095
validation,12,9,period,0.04641161149412182,0.022121891299374124,0.024190661549647448,2.0979947358947064,1.918575537873135
validation,12,9,comma,0.03543714474412579,0.03142977739876699,0.03592988077125396,1.1275022503187062,0.9862861769493433
validation,12,9,newline,0.02491850142336488,0.021134256371152394,0.023514501835234455,1.1790574026241993,1.0597078176679318
validation,12,9,punct,0.08184875622179723,0.05355166851865849,0.060120542320901305,1.52840720907285,1.3614108100508928
validation,12,9,the,0.03293700697734148,0.03461586987125607,0.03686889291267578,0.9515001962926646,0.8933549226811068
validation,12,10,initial,0.7109845008840844,0.08756641452708078,0.029450842729354172,8.119374359723333,24.141397494728857
validation,12,10,boundary,0.0013846199696575941,0.004725052474121908,0.009394827155987037,0.29303800904664207,0.14738110096844284
validation,12,10,period,0.004079370354254437,0.018016172371952088,0.024190661549647448,0.22642824846665416,0.16863409650381758
validation,12,10,comma,0.0032899403128136113,0.03169396448508846,0.03592988077125396,0.10380336970344872,0.09156557834853042
validation,12,10,newline,0.00237623221669912,0.021128434927655326,0.023514501835234455,0.11246607828906598,0.10105390423957614
validation,12,10,punct,0.007369310666014961,0.04971013680932392,0.060120542320901305,0.14824563236029417,0.12257558534120161
validation,12,10,the,0.0018256331715893045,0.032073714228680696,0.03686889291267578,0.056919917617673406,0.04951689696550772
validation,12,11,initial,0.470459226745495,0.0667168446575442,0.029450842729354172,7.0515808887597995,15.974389292316584
validation,12,11,boundary,0.0074221754975458245,0.006745479432837333,0.009394827155987037,1.1003184534837214,0.7900278924041618
validation,12,11,period,0.02892665490960318,0.02015833543626888,0.024190661549647448,1.4349723964588037,1.1957777529248577
validation,12,11,comma,0.02162475267020076,0.03206914997044269,0.03592988077125396,0.6743163660443678,0.601859850520346
validation,12,11,newline,0.01220238440510557,0.02105276726290781,0.023514501835234455,0.5796095236660198,0.518930168736186
validation,12,11,punct,0.050551407565953416,0.052227485300129446,0.060120542320901305,0.9679081287459215,0.8408341910179158
validation,12,11,the,0.018273546148742083,0.034518364164734416,0.03686889291267578,0.5293862148720013,0.49563587905997336
validation,12,12,initial,0.45040316486890747,0.06431107546129959,0.029450842729354172,7.003508519149958,15.293388002781418
validation,12,12,boundary,0.015425649789223372,0.007410026365033364,0.009394827155987037,2.0817267077502386,1.6419301316675183
validation,12,12,period,0.04442667196260783,0.021721318897612772,0.024190661549647448,2.0453026895843984,1.8365215796777288
validation,12,12,comma,0.026497815706799547,0.032218605822760406,0.03592988077125396,0.8224383094839106,0.7374868810586027
validation,12,12,newline,0.021513135811372736,0.021522005902861747,0.023514501835234455,0.9995878594435367,0.914888010901305
validation,12,12,punct,0.07092448765540915,0.05393992461672804,0.060120542320901305,1.3148792505619076,1.1797047218376768
validation,12,12,the,0.01505627786445796,0.03456314104192292,0.03686889291267578,0.4356165964833937,0.4083734735436416
